Position,Mean,Lower,Upper,Organism
1,1.0000569852349925,1,1.0001371793233715,Aspergillus_nidulans
2,1.0471302480872609,1.043447188358523,1.0506644850881826,Aspergillus_nidulans
3,1.064852273380586,1.0604748533817503,1.0692266512963235,Aspergillus_nidulans
4,1.0489053265186643,1.0443291475229068,1.0535488007911105,Aspergillus_nidulans
5,1.0526772525806358,1.0480062229882006,1.0575004948865938,Aspergillus_nidulans
6,1.057644493179338,1.0530151580896223,1.0625265612016999,Aspergillus_nidulans
7,1.0660254342381592,1.0611895446113095,1.0706342952602992,Aspergillus_nidulans
8,1.0731598317102933,1.0682695060461773,1.0779175638157295,Aspergillus_nidulans
9,1.0735268030390037,1.0686682319051286,1.0780714891405414,Aspergillus_nidulans
10,1.0763797568145643,1.0714464268623218,1.0806509728414955,Aspergillus_nidulans
11,1.0823058855306815,1.0776880729410447,1.0871317138580197,Aspergillus_nidulans
12,1.0798912175043147,1.0755061192377615,1.0846407372323592,Aspergillus_nidulans
13,1.0813697140328,1.076564249099424,1.0858046554831318,Aspergillus_nidulans
14,1.0781137883610725,1.0731077265611795,1.0830727794444734,Aspergillus_nidulans
15,1.0734301987339543,1.068790163502252,1.0783274494096475,Aspergillus_nidulans
16,1.074330095877056,1.0693760186377963,1.0786583945708768,Aspergillus_nidulans
17,1.0746606307577145,1.0702865287973167,1.0790780045984438,Aspergillus_nidulans
18,1.0717965116988888,1.067761026515091,1.0760931649604029,Aspergillus_nidulans
19,1.0713658162768482,1.0667018936036614,1.076253791687987,Aspergillus_nidulans
20,1.067589330608457,1.0630423387177355,1.0723149365680897,Aspergillus_nidulans
21,1.0688155650449822,1.0641613967778787,1.0731409004505361,Aspergillus_nidulans
22,1.0691766613058327,1.0647191634458688,1.0741814619563383,Aspergillus_nidulans
23,1.0701466592879827,1.0656551764218765,1.0751347721648559,Aspergillus_nidulans
24,1.0654974866118962,1.0611770182539566,1.0699359115465645,Aspergillus_nidulans
25,1.0707370875026494,1.0661372441350285,1.0753008791735341,Aspergillus_nidulans
26,1.0683095679860959,1.0636033931785744,1.0730859984362364,Aspergillus_nidulans
27,1.0680482516738738,1.0637359365944037,1.0727358018126554,Aspergillus_nidulans
28,1.0652241992856752,1.0605813028317694,1.0696843872642112,Aspergillus_nidulans
29,1.0677012185748824,1.0632595726539709,1.0724381376677414,Aspergillus_nidulans
30,1.0675027061562798,1.062575167287319,1.072167101228292,Aspergillus_nidulans
31,1.0677080276835795,1.0631211624773842,1.0727502701415834,Aspergillus_nidulans
32,1.0687344283332052,1.063794041886972,1.0733701008679524,Aspergillus_nidulans
33,1.07093921565476,1.0666010386380373,1.0755938419463122,Aspergillus_nidulans
34,1.067318543286189,1.0629920663688728,1.0721920108382983,Aspergillus_nidulans
35,1.0692258056104977,1.06428111805427,1.0737229442464504,Aspergillus_nidulans
36,1.065739666525827,1.0605888777551364,1.070306798843957,Aspergillus_nidulans
37,1.0674380070390226,1.0630515566634355,1.0719199203898901,Aspergillus_nidulans
38,1.0656248675129054,1.0607596861295425,1.070430849404183,Aspergillus_nidulans
39,1.063103736327786,1.0582487703489107,1.0674092843487775,Aspergillus_nidulans
40,1.067765480211455,1.0630093108374017,1.0722973710725463,Aspergillus_nidulans
41,1.0654338757128665,1.0608101810120771,1.0697616751094925,Aspergillus_nidulans
42,1.0607065269486802,1.05617490963965,1.0653382352588772,Aspergillus_nidulans
43,1.066042697922885,1.0618882007289163,1.0707183748135232,Aspergillus_nidulans
44,1.0610760949546594,1.056823213727618,1.065490119673676,Aspergillus_nidulans
45,1.0651125936172767,1.0605838394715064,1.0698197666478815,Aspergillus_nidulans
46,1.066260772734209,1.0615283451519504,1.070568636657805,Aspergillus_nidulans
47,1.062348919507447,1.0574143583826885,1.0669093686493065,Aspergillus_nidulans
48,1.0658097134949553,1.0611797299147834,1.0704623378747091,Aspergillus_nidulans
49,1.0641328959284775,1.059487074911075,1.0686525274981475,Aspergillus_nidulans
50,1.0648949734941617,1.0601124846815344,1.0695205045952045,Aspergillus_nidulans
51,1.0652863614670285,1.0609865227267945,1.0697430247848598,Aspergillus_nidulans
52,1.0638157771231047,1.0596457639780874,1.0683024495571243,Aspergillus_nidulans
53,1.0602377633692142,1.0558880931397028,1.0648220777082036,Aspergillus_nidulans
54,1.0620738163335688,1.0574832890029844,1.067081153616457,Aspergillus_nidulans
55,1.06305254049507,1.0587998559668466,1.0676395312052973,Aspergillus_nidulans
56,1.0624210203536273,1.0574911963553073,1.0671731034147083,Aspergillus_nidulans
57,1.0605974925736874,1.0560849046551246,1.0651671733574681,Aspergillus_nidulans
58,1.065045898814822,1.0597892212453235,1.069600648817511,Aspergillus_nidulans
59,1.068183280438755,1.0638832532590057,1.0730707728597386,Aspergillus_nidulans
60,1.0647301334439279,1.0602606400786962,1.0692322874758897,Aspergillus_nidulans
61,1.062342087070521,1.0576892056268512,1.067239622384508,Aspergillus_nidulans
62,1.0640596563753684,1.0594691880244436,1.068513946158134,Aspergillus_nidulans
63,1.0635923682383257,1.0591339964795379,1.068302462913164,Aspergillus_nidulans
64,1.0643261073612134,1.0596050266692367,1.068472333714651,Aspergillus_nidulans
65,1.060113360137753,1.0556300414037776,1.064600118864069,Aspergillus_nidulans
66,1.0649460826607369,1.0603459058843077,1.0699348442624987,Aspergillus_nidulans
67,1.066207252215,1.061616466237368,1.0707129437217635,Aspergillus_nidulans
68,1.0604287308088776,1.0559000617971024,1.064786916594205,Aspergillus_nidulans
69,1.061031966284558,1.056431996608188,1.0652782386244857,Aspergillus_nidulans
70,1.0665281884399789,1.0623617815110709,1.0716202194113815,Aspergillus_nidulans
71,1.0619521545907697,1.0572587460159806,1.066623812365327,Aspergillus_nidulans
72,1.0650353630982623,1.0600219559098067,1.0695465484746633,Aspergillus_nidulans
73,1.06599800751327,1.0616585852464249,1.0705021413954423,Aspergillus_nidulans
74,1.063313297231956,1.05863352131157,1.0678598720591619,Aspergillus_nidulans
75,1.065751927239973,1.0611417571842923,1.0701659504972312,Aspergillus_nidulans
76,1.0622248412324633,1.0574087558308218,1.0668310812546065,Aspergillus_nidulans
77,1.0640088472134936,1.0597086115685437,1.0684784137814543,Aspergillus_nidulans
78,1.0621960074688477,1.0580088308776963,1.0666565929876608,Aspergillus_nidulans
79,1.060475921294267,1.0558855270233074,1.0650535719634528,Aspergillus_nidulans
80,1.0671877990508847,1.0629064454147317,1.0716636021874004,Aspergillus_nidulans
81,1.0644754086542407,1.0599067991100253,1.0689622881058414,Aspergillus_nidulans
82,1.0642972980594583,1.0599413394282986,1.0685852004490324,Aspergillus_nidulans
83,1.05894406060183,1.0542477956660532,1.063691786394133,Aspergillus_nidulans
84,1.0642001007222694,1.059598098215554,1.0688963688147353,Aspergillus_nidulans
85,1.0619585061295738,1.0575526766453698,1.0664924258350474,Aspergillus_nidulans
86,1.066154905801855,1.0615962825712209,1.0704785453284862,Aspergillus_nidulans
87,1.0610428847124656,1.0566686793747717,1.0656758808493614,Aspergillus_nidulans
88,1.0650613996624374,1.0604034287660948,1.069834646212706,Aspergillus_nidulans
89,1.0623035976271409,1.0575033523738928,1.0667033782799145,Aspergillus_nidulans
90,1.0603322335943237,1.0557555102625162,1.064588497849239,Aspergillus_nidulans
91,1.063039657905681,1.058483896411106,1.0677414382303134,Aspergillus_nidulans
92,1.0657964802696358,1.0612496844730297,1.0702901657586303,Aspergillus_nidulans
93,1.0628240713891792,1.0580761868960453,1.0672702945234995,Aspergillus_nidulans
94,1.0627264727734222,1.0582125240982856,1.0669177517396307,Aspergillus_nidulans
95,1.0572120964504759,1.0529045644561528,1.061939412283413,Aspergillus_nidulans
96,1.0644153574832595,1.0601519304979587,1.0690391025059651,Aspergillus_nidulans
97,1.057393580940767,1.0528004646853235,1.0618441738101145,Aspergillus_nidulans
98,1.0597970647507073,1.0554860104221333,1.064293245157957,Aspergillus_nidulans
99,1.061056824434798,1.056304223496801,1.065439900380366,Aspergillus_nidulans
100,1.060233545856587,1.0558824300444554,1.0645092217055723,Aspergillus_nidulans
1,1.0353006277573995,1.030700877032768,1.0399297386972433,Escherichia_coli
2,1.1116082524244875,1.0957700027935724,1.1273503542239427,Escherichia_coli
3,1.092347090420377,1.0753134855040427,1.1086126526235525,Escherichia_coli
4,1.1118852113092326,1.0931958507721085,1.1300526930791592,Escherichia_coli
5,1.1473374683024726,1.1272178924925054,1.1639730028420696,Escherichia_coli
6,1.1541794627804884,1.1343160544853574,1.1736246271080633,Escherichia_coli
7,1.166997261839699,1.1485396870666837,1.18517817596303,Escherichia_coli
8,1.1806878703863983,1.1621400200199004,1.2021290821574575,Escherichia_coli
9,1.2008143779702178,1.1809765175741536,1.218569567433925,Escherichia_coli
10,1.2052365564642866,1.1849129161138185,1.2252047467743954,Escherichia_coli
11,1.2191335534377281,1.1995532900133805,1.2380960400349452,Escherichia_coli
12,1.222139504763415,1.2022766552476662,1.2428767459562378,Escherichia_coli
13,1.2422983620905415,1.221572100551558,1.2624098228675966,Escherichia_coli
14,1.2221553132549399,1.2018367557904557,1.2418022237410853,Escherichia_coli
15,1.241803258932414,1.221125660747435,1.2614270065977666,Escherichia_coli
16,1.2205294338738155,1.1994445571057457,1.2396711945309773,Escherichia_coli
17,1.219146199531613,1.1998492139898178,1.239219758638787,Escherichia_coli
18,1.2194930233274115,1.2001780253503884,1.238258062123723,Escherichia_coli
19,1.2573483510281092,1.2376306734328588,1.2788989953207799,Escherichia_coli
20,1.250245400068491,1.2296497919348819,1.2716816958646928,Escherichia_coli
21,1.2030677115886992,1.18387398774122,1.2224980245986334,Escherichia_coli
22,1.207890961964384,1.1886579727399094,1.2263369960622796,Escherichia_coli
23,1.2101202599481606,1.1904410947345367,1.2291313992324737,Escherichia_coli
24,1.2307340567855414,1.211246350343678,1.2503735753433969,Escherichia_coli
25,1.237192231232675,1.2187732301218992,1.2566846037367143,Escherichia_coli
26,1.2398820350634232,1.2217211774166674,1.2606286026086315,Escherichia_coli
27,1.2312228812759631,1.2133393909595969,1.2495215012711558,Escherichia_coli
28,1.227685022446474,1.2091533593132016,1.247064562440449,Escherichia_coli
29,1.2373426691268894,1.2178096934540674,1.2569969686047544,Escherichia_coli
30,1.232623866552182,1.2143616119848024,1.2514020903746708,Escherichia_coli
31,1.2414309055334174,1.222485224002192,1.2617614596049391,Escherichia_coli
32,1.2240581685059484,1.204890982680689,1.244773112332517,Escherichia_coli
33,1.2433003697117675,1.2247132418885434,1.2621650447936617,Escherichia_coli
34,1.2202080506221173,1.2021503581721085,1.2392106951050994,Escherichia_coli
35,1.2278902208160314,1.208248579600484,1.2460721571826165,Escherichia_coli
36,1.2373204582822313,1.2168839912409348,1.2569411307531104,Escherichia_coli
37,1.2271737953962405,1.208013531938538,1.2456264631068283,Escherichia_coli
38,1.231175409260932,1.2116153106640704,1.251138940165944,Escherichia_coli
39,1.239254321060518,1.219349497080436,1.259476916880575,Escherichia_coli
40,1.238863995731563,1.2213664244464468,1.2587762946461374,Escherichia_coli
41,1.2404346534499178,1.2233498967899248,1.260511188822367,Escherichia_coli
42,1.2322430931830894,1.2126346627463958,1.2504722936882924,Escherichia_coli
43,1.244622327791153,1.2250082598647163,1.2635650337920628,Escherichia_coli
44,1.2460299409245443,1.226743539225252,1.2676492443744527,Escherichia_coli
45,1.2611214301108753,1.242350901514501,1.2805473590772922,Escherichia_coli
46,1.2491620421348364,1.2298809231821881,1.267486424344116,Escherichia_coli
47,1.2464883527276387,1.2273417454364932,1.265889648211585,Escherichia_coli
48,1.2614412692060717,1.2433827779900655,1.281508852427285,Escherichia_coli
49,1.249210772693542,1.2291829311607334,1.2671968976389354,Escherichia_coli
50,1.256697693459011,1.237272889153991,1.2771387223012771,Escherichia_coli
51,1.2517066364475435,1.2329562968574457,1.2708159423873195,Escherichia_coli
52,1.2514957078548756,1.2318167861012628,1.270958276849129,Escherichia_coli
53,1.237770624513007,1.2190599811535885,1.256868253478989,Escherichia_coli
54,1.2461789877601406,1.2272429777734453,1.2667772666001937,Escherichia_coli
55,1.2582641194399382,1.2384449342775388,1.2776730034069192,Escherichia_coli
56,1.2389871188442023,1.2186058316676363,1.2588433566514585,Escherichia_coli
57,1.2520510266088924,1.232898387807244,1.272256653923708,Escherichia_coli
58,1.224608687127874,1.2062503147351056,1.2419606277536066,Escherichia_coli
59,1.2492407947913724,1.2306349224757254,1.2689332560159325,Escherichia_coli
60,1.2487455092743158,1.2293970045440308,1.2668581224001745,Escherichia_coli
61,1.257444328756671,1.237721798455344,1.275788114742242,Escherichia_coli
62,1.2431314537958806,1.2245427398483244,1.2627278493491059,Escherichia_coli
63,1.2574503523803608,1.2399794104542174,1.2759820829103228,Escherichia_coli
64,1.263733647256816,1.244541179555538,1.2839610393207845,Escherichia_coli
65,1.2535825372276284,1.2345501336380902,1.2718023295033491,Escherichia_coli
66,1.250402877494824,1.2315216904020099,1.2701828815537244,Escherichia_coli
67,1.2386580162133967,1.2198020779417078,1.2576413549613792,Escherichia_coli
68,1.2622650862910685,1.2428721519283017,1.2826905265889568,Escherichia_coli
69,1.2744296603629,1.2540093549276012,1.2938441684575221,Escherichia_coli
70,1.263969205266872,1.2446606844558827,1.2837896081082023,Escherichia_coli
71,1.262733890456055,1.2437627433884404,1.2818533230980707,Escherichia_coli
72,1.2554444283250672,1.238990767496926,1.2752783826038678,Escherichia_coli
73,1.2744613237368851,1.2554348247582534,1.2942316257973427,Escherichia_coli
74,1.2590561652585586,1.2391866514029541,1.2793872120438028,Escherichia_coli
75,1.2587759640764067,1.2404443390385826,1.2777522592505777,Escherichia_coli
76,1.2751154482828986,1.255125473046943,1.2949201729435,Escherichia_coli
77,1.2710491377986526,1.250069561210302,1.2904496088754391,Escherichia_coli
78,1.2728018223028141,1.2549510979963774,1.2924405989920191,Escherichia_coli
79,1.2764707287312003,1.2582122690077742,1.2958554842151138,Escherichia_coli
80,1.2435467596639707,1.2263803924296368,1.2629679177708832,Escherichia_coli
81,1.2706990994983358,1.2511671353965472,1.291236858458987,Escherichia_coli
82,1.2431365625312567,1.225376793412309,1.2610327254788232,Escherichia_coli
83,1.2614998707684568,1.2408758562019049,1.2820051909357235,Escherichia_coli
84,1.2541663255259048,1.235264382863778,1.273632928191222,Escherichia_coli
85,1.257382989816173,1.2384933650825145,1.2771537106053106,Escherichia_coli
86,1.281963212242441,1.261450134423957,1.301400925129995,Escherichia_coli
87,1.2524864776587172,1.2331994849824492,1.271795669586571,Escherichia_coli
88,1.2481512751518802,1.2292836930122135,1.267305182104838,Escherichia_coli
89,1.2582721332247824,1.2394883116976694,1.2766150134770833,Escherichia_coli
90,1.2714350944197748,1.2505212316751644,1.2923519356148163,Escherichia_coli
91,1.2640054815346808,1.2453066038717657,1.284925517213275,Escherichia_coli
92,1.2612400388316716,1.2421232697840656,1.281145814604631,Escherichia_coli
93,1.2557444270004858,1.2377548792218656,1.2761645217197854,Escherichia_coli
94,1.2476614293068324,1.2287949976080013,1.2664282097460153,Escherichia_coli
95,1.2591403227309361,1.2393850887615805,1.278880303437769,Escherichia_coli
96,1.259430392808925,1.2401075418658867,1.278816773168422,Escherichia_coli
97,1.2535084663722516,1.234095579313485,1.2728604722089762,Escherichia_coli
98,1.2826837598859253,1.261639659824651,1.3017319532742815,Escherichia_coli
99,1.2669257514023258,1.2462835895865214,1.286642638013727,Escherichia_coli
100,1.2471816211774434,1.2278358731452188,1.2666435557086135,Escherichia_coli
1,0.9866662727317188,0.9851712505407304,0.9880648528329958,Haloferax_volcanii
2,1.1882814533743442,1.1605351947580278,1.2192074266063069,Haloferax_volcanii
3,1.4836702760136942,1.4530586684492999,1.5146096962550681,Haloferax_volcanii
4,1.4407058500324124,1.408472561531072,1.4741840169714868,Haloferax_volcanii
5,1.5335422152777725,1.5027894655675191,1.5644488467637032,Haloferax_volcanii
6,1.6495296404510293,1.6179861276008018,1.6856644359816066,Haloferax_volcanii
7,1.6185112875737344,1.5871192661986886,1.6521318225600976,Haloferax_volcanii
8,1.6685679496089312,1.6374875118760996,1.6984183490522007,Haloferax_volcanii
9,1.6754223949432507,1.642442753371418,1.7072362306476414,Haloferax_volcanii
10,1.6708695932684476,1.6377990590190004,1.7014624952312594,Haloferax_volcanii
11,1.7042907198671453,1.671147251942285,1.7353570971942214,Haloferax_volcanii
12,1.6893171493055923,1.6560971351023495,1.7208399139692303,Haloferax_volcanii
13,1.705889502957655,1.6739377376185465,1.7376647053392635,Haloferax_volcanii
14,1.6955706029073496,1.6639656084876204,1.7288749896920732,Haloferax_volcanii
15,1.7028814758022726,1.671950808968225,1.7318315349235318,Haloferax_volcanii
16,1.746929296036754,1.7157506860765674,1.7782369074759445,Haloferax_volcanii
17,1.7181407026996591,1.6880104005181924,1.7486470815561503,Haloferax_volcanii
18,1.708744242660551,1.6786874556817946,1.7395850866283666,Haloferax_volcanii
19,1.739217584641542,1.7095544545968624,1.7715786490883338,Haloferax_volcanii
20,1.7754421361640378,1.7445514847322865,1.807844189040339,Haloferax_volcanii
21,1.7854974683165235,1.7549465683626264,1.81946989446327,Haloferax_volcanii
22,1.774325127095588,1.7455020449547816,1.8050074583441993,Haloferax_volcanii
23,1.731791234855251,1.7006866686348603,1.7603997995525074,Haloferax_volcanii
24,1.7445372410510627,1.7131410268461171,1.776364957869142,Haloferax_volcanii
25,1.7793790832035887,1.7475400476286125,1.810029514002784,Haloferax_volcanii
26,1.7450023603333953,1.7163335103578707,1.7737633073517138,Haloferax_volcanii
27,1.7377426728975045,1.7048050621484545,1.7677412532849062,Haloferax_volcanii
28,1.7664208505126981,1.7362190712828658,1.7978984023112754,Haloferax_volcanii
29,1.7643422627313745,1.7336348144974967,1.7926221993735285,Haloferax_volcanii
30,1.7501235210322015,1.7187243059296422,1.7802335634642052,Haloferax_volcanii
31,1.7550203779348412,1.7232730915562944,1.78441471966539,Haloferax_volcanii
32,1.773133076578557,1.7400380332979273,1.8060365625367782,Haloferax_volcanii
33,1.7554716611246879,1.726753820522748,1.7867746530978135,Haloferax_volcanii
34,1.777950141055091,1.7492232879999892,1.8086591725655097,Haloferax_volcanii
35,1.7807167787236478,1.7534099202347435,1.812092296865989,Haloferax_volcanii
36,1.7833821384259643,1.7545333361610698,1.8155279220202927,Haloferax_volcanii
37,1.767343092097708,1.7397104498054912,1.79607831155392,Haloferax_volcanii
38,1.782075539123134,1.7526791684123095,1.8126408995228667,Haloferax_volcanii
39,1.7586217752387152,1.7263800875209359,1.787556004089505,Haloferax_volcanii
40,1.7675103049400605,1.7383465258042838,1.7972854833692127,Haloferax_volcanii
41,1.7754164189480874,1.744866879045712,1.8023950520622354,Haloferax_volcanii
42,1.7512827060367753,1.724040641912198,1.7806807525455064,Haloferax_volcanii
43,1.8045326043743841,1.7742050969956749,1.8331970834875633,Haloferax_volcanii
44,1.8064291838674396,1.7762751027132464,1.8389316246057974,Haloferax_volcanii
45,1.7726509600259015,1.7441866037296487,1.8012806101359369,Haloferax_volcanii
46,1.7861017568061406,1.7571219087597183,1.8147150350184693,Haloferax_volcanii
47,1.7926687182005594,1.7632990213119903,1.8220810396446083,Haloferax_volcanii
48,1.8015151381025996,1.7727497214308297,1.8319894817013005,Haloferax_volcanii
49,1.8036967939636956,1.7733402648577739,1.8356767813049977,Haloferax_volcanii
50,1.7535854589131297,1.7228343999331197,1.7813190312576,Haloferax_volcanii
51,1.8078810558850975,1.7780827572377162,1.8376504410948933,Haloferax_volcanii
52,1.7572850822339932,1.7273325226816652,1.7874481739774692,Haloferax_volcanii
53,1.7941186791960733,1.763082080758191,1.826064361060288,Haloferax_volcanii
54,1.799259919908422,1.7718763965374364,1.8293287543668035,Haloferax_volcanii
55,1.7900636581159635,1.7627745673759718,1.817581833672263,Haloferax_volcanii
56,1.7607898606839365,1.7305577638199967,1.7867349515180635,Haloferax_volcanii
57,1.814406031597517,1.7856508346342623,1.843454997088839,Haloferax_volcanii
58,1.784398501111809,1.7530932579095895,1.8169013218959613,Haloferax_volcanii
59,1.7602296216218913,1.7292285304456134,1.7894378616060271,Haloferax_volcanii
60,1.8097133464292017,1.7801670625249701,1.8402827853112327,Haloferax_volcanii
61,1.7927676008507005,1.7654974674144381,1.8219129610002165,Haloferax_volcanii
62,1.761475680890592,1.7320169123536808,1.7909232503524368,Haloferax_volcanii
63,1.786682604293205,1.7567320583731343,1.815390824838497,Haloferax_volcanii
64,1.7694701497157745,1.7401028444368125,1.798969840859405,Haloferax_volcanii
65,1.7824558183495212,1.7521488847698485,1.8116669332431816,Haloferax_volcanii
66,1.799753110736256,1.76932656439106,1.8297983284543644,Haloferax_volcanii
67,1.7701265989107726,1.7400051956839673,1.800024642720856,Haloferax_volcanii
68,1.774119262792054,1.7440801155990824,1.8040544997212222,Haloferax_volcanii
69,1.7870871094202843,1.7582571790341859,1.8183083179769688,Haloferax_volcanii
70,1.768944049099288,1.7402724039932855,1.7991622225562298,Haloferax_volcanii
71,1.805789618619353,1.7770552594289735,1.835482501430479,Haloferax_volcanii
72,1.785037161247196,1.758556611301751,1.8136499563032489,Haloferax_volcanii
73,1.7774389056673676,1.7477545184542407,1.807377636899629,Haloferax_volcanii
74,1.784125516536941,1.7544153883307214,1.814824780069925,Haloferax_volcanii
75,1.7988097519354411,1.7687630890732382,1.8264751676734219,Haloferax_volcanii
76,1.7886311266440484,1.758593322726284,1.8193953168514585,Haloferax_volcanii
77,1.8151127151884492,1.7871755460029397,1.8436603417382509,Haloferax_volcanii
78,1.8327175788223935,1.8037536904886393,1.8634424733598949,Haloferax_volcanii
79,1.8042135730504896,1.774479963061717,1.8348819935172653,Haloferax_volcanii
80,1.8027007647732605,1.7746643547409215,1.8318484782123228,Haloferax_volcanii
81,1.7801746227507895,1.7508504447235917,1.8087937608748812,Haloferax_volcanii
82,1.7864301212695703,1.7575887491190654,1.8174038879156402,Haloferax_volcanii
83,1.811909194086992,1.785751688806012,1.840501209840249,Haloferax_volcanii
84,1.8244612851319897,1.794539242476268,1.8555190756343842,Haloferax_volcanii
85,1.8105880105681063,1.7815683463641465,1.8418524805357204,Haloferax_volcanii
86,1.8042859546852483,1.7738236099268185,1.8336540910710872,Haloferax_volcanii
87,1.7888153694537516,1.7596703776511056,1.8179228206865854,Haloferax_volcanii
88,1.7736641355165492,1.7451786241933767,1.8045501470809429,Haloferax_volcanii
89,1.80535831745074,1.7766176804057072,1.8347500320404881,Haloferax_volcanii
90,1.780212669567034,1.7503980550559182,1.8093726226383346,Haloferax_volcanii
91,1.8067248121070318,1.7779153855303749,1.8351001214930822,Haloferax_volcanii
92,1.7873837268748323,1.7599128035243166,1.8171427204684352,Haloferax_volcanii
93,1.84220895278476,1.8121054724393288,1.8734804232767786,Haloferax_volcanii
94,1.8355862578539617,1.8054565001331242,1.867466257910758,Haloferax_volcanii
95,1.8340148350264092,1.8051568525779582,1.8635907488033625,Haloferax_volcanii
96,1.7729870453507182,1.7441786147298124,1.8000965576449701,Haloferax_volcanii
97,1.7971523082099332,1.7675626946780945,1.8273106052159205,Haloferax_volcanii
98,1.7608409039030213,1.7310959533455181,1.7899179724240046,Haloferax_volcanii
99,1.8269458053871594,1.7965339256768125,1.857185367939609,Haloferax_volcanii
100,1.8155436269081957,1.7865748512080457,1.8458801828467217,Haloferax_volcanii
1,0.8921982029366249,0.8868776360592944,0.8979917667962317,Methanosarcina_acetivorans_c2a.ASM734v1
2,1.1084560038839908,1.0988340710083764,1.1185040288451773,Methanosarcina_acetivorans_c2a.ASM734v1
3,1.093128242444334,1.0820834036066724,1.1037055033921146,Methanosarcina_acetivorans_c2a.ASM734v1
4,1.0829016033038157,1.0733542633745194,1.093140671552071,Methanosarcina_acetivorans_c2a.ASM734v1
5,1.0987979699983073,1.0885542624163103,1.109052054311581,Methanosarcina_acetivorans_c2a.ASM734v1
6,1.0889405670731958,1.0793274620345545,1.0991083789178597,Methanosarcina_acetivorans_c2a.ASM734v1
7,1.0837362549155163,1.0738825242321632,1.0934899741824842,Methanosarcina_acetivorans_c2a.ASM734v1
8,1.0865430988471767,1.0764162321852782,1.0972632528847224,Methanosarcina_acetivorans_c2a.ASM734v1
9,1.0943918508097465,1.083710550451799,1.1046751645084696,Methanosarcina_acetivorans_c2a.ASM734v1
10,1.0832660415846929,1.0729108952472963,1.0935523771287272,Methanosarcina_acetivorans_c2a.ASM734v1
11,1.087982908192691,1.0784707487226355,1.098010192474517,Methanosarcina_acetivorans_c2a.ASM734v1
12,1.100617634735672,1.0903443438697489,1.111481912470777,Methanosarcina_acetivorans_c2a.ASM734v1
13,1.0918549854729807,1.0817868564531001,1.1023526338736953,Methanosarcina_acetivorans_c2a.ASM734v1
14,1.090266111177596,1.0802129663802804,1.1003844033101224,Methanosarcina_acetivorans_c2a.ASM734v1
15,1.0888676394885506,1.0787244301402492,1.0993947369172998,Methanosarcina_acetivorans_c2a.ASM734v1
16,1.0996385434737008,1.088912224255613,1.1105506507457599,Methanosarcina_acetivorans_c2a.ASM734v1
17,1.100340675493073,1.090970492012635,1.1102580417145649,Methanosarcina_acetivorans_c2a.ASM734v1
18,1.090664352236159,1.0800370878503844,1.1011230896664688,Methanosarcina_acetivorans_c2a.ASM734v1
19,1.102584350922527,1.0918061634268894,1.1126702386512861,Methanosarcina_acetivorans_c2a.ASM734v1
20,1.1067983169657443,1.0961442263392644,1.1173394979273714,Methanosarcina_acetivorans_c2a.ASM734v1
21,1.0996432591594738,1.0891691490092679,1.1103827010280218,Methanosarcina_acetivorans_c2a.ASM734v1
22,1.091462684471076,1.0808759003899517,1.1014425727608468,Methanosarcina_acetivorans_c2a.ASM734v1
23,1.101660674960792,1.0915251224122604,1.11137454652393,Methanosarcina_acetivorans_c2a.ASM734v1
24,1.1052375749456933,1.0949208343050603,1.1148842144585926,Methanosarcina_acetivorans_c2a.ASM734v1
25,1.1145828014964096,1.103979484322384,1.1250748467351577,Methanosarcina_acetivorans_c2a.ASM734v1
26,1.0939870615319396,1.083893826449994,1.1043809530544033,Methanosarcina_acetivorans_c2a.ASM734v1
27,1.1038991821489887,1.0939130375890094,1.1133455924016784,Methanosarcina_acetivorans_c2a.ASM734v1
28,1.1069978749862874,1.0973790800086602,1.1167975249603062,Methanosarcina_acetivorans_c2a.ASM734v1
29,1.097895691623889,1.087296435557446,1.1074299814459294,Methanosarcina_acetivorans_c2a.ASM734v1
30,1.0977415922443472,1.0872967863189984,1.1081404825190901,Methanosarcina_acetivorans_c2a.ASM734v1
31,1.1031728200460023,1.0927904303514921,1.1146997925042719,Methanosarcina_acetivorans_c2a.ASM734v1
32,1.1046202474905225,1.094556370876703,1.1144130032557162,Methanosarcina_acetivorans_c2a.ASM734v1
33,1.088730589908081,1.0775663106313493,1.0987229235006535,Methanosarcina_acetivorans_c2a.ASM734v1
34,1.0960445451280432,1.086235568400731,1.1056904926223317,Methanosarcina_acetivorans_c2a.ASM734v1
35,1.1015175643839452,1.092305532003922,1.1117373324007451,Methanosarcina_acetivorans_c2a.ASM734v1
36,1.111657381507042,1.1011430655157373,1.122557582211112,Methanosarcina_acetivorans_c2a.ASM734v1
37,1.1027144882962556,1.092149489577869,1.1124724831993733,Methanosarcina_acetivorans_c2a.ASM734v1
38,1.1004693184895373,1.0905823378930328,1.1107870229174026,Methanosarcina_acetivorans_c2a.ASM734v1
39,1.107052573028176,1.0971210549383807,1.1180713609149517,Methanosarcina_acetivorans_c2a.ASM734v1
40,1.1042223440300387,1.093746590667711,1.114092573152603,Methanosarcina_acetivorans_c2a.ASM734v1
41,1.1059170217061014,1.0960494223126929,1.115156917533774,Methanosarcina_acetivorans_c2a.ASM734v1
42,1.0979822369615548,1.0881856328181185,1.10675279684333,Methanosarcina_acetivorans_c2a.ASM734v1
43,1.1056767124920017,1.0947482784334133,1.1157209446843535,Methanosarcina_acetivorans_c2a.ASM734v1
44,1.0931090343185643,1.0831736886696814,1.103570350852333,Methanosarcina_acetivorans_c2a.ASM734v1
45,1.1108112596712998,1.1010507418741797,1.1203792433995772,Methanosarcina_acetivorans_c2a.ASM734v1
46,1.1097112958300672,1.0992254476808463,1.1198863296703088,Methanosarcina_acetivorans_c2a.ASM734v1
47,1.1192659144922275,1.1088440930157062,1.128759398628759,Methanosarcina_acetivorans_c2a.ASM734v1
48,1.100091327730588,1.0899406362447897,1.110639304374778,Methanosarcina_acetivorans_c2a.ASM734v1
49,1.0977999294162553,1.0877005704146825,1.1079062663329287,Methanosarcina_acetivorans_c2a.ASM734v1
50,1.099454629596973,1.0898391631277236,1.1090680204974512,Methanosarcina_acetivorans_c2a.ASM734v1
51,1.093205760177174,1.0832696110647873,1.1029043478075247,Methanosarcina_acetivorans_c2a.ASM734v1
52,1.1123856500515983,1.1018974744763037,1.1224521473517046,Methanosarcina_acetivorans_c2a.ASM734v1
53,1.0912219789236421,1.0815934486294163,1.1011408038076318,Methanosarcina_acetivorans_c2a.ASM734v1
54,1.1084962548715993,1.0984916527981983,1.1190225182626792,Methanosarcina_acetivorans_c2a.ASM734v1
55,1.1103815313991772,1.1002573357448049,1.120522351655731,Methanosarcina_acetivorans_c2a.ASM734v1
56,1.1103364779626692,1.0999964002971008,1.1204983666415487,Methanosarcina_acetivorans_c2a.ASM734v1
57,1.1012072351015556,1.0905665355773049,1.1114910170844767,Methanosarcina_acetivorans_c2a.ASM734v1
58,1.1042090404249254,1.0938419107024875,1.1143983751691362,Methanosarcina_acetivorans_c2a.ASM734v1
59,1.106228545070685,1.0961657108457457,1.1162893273866066,Methanosarcina_acetivorans_c2a.ASM734v1
60,1.0966316827214362,1.0874658676739537,1.1071014234661078,Methanosarcina_acetivorans_c2a.ASM734v1
61,1.1082523204328356,1.0985027243943006,1.1186718050907123,Methanosarcina_acetivorans_c2a.ASM734v1
62,1.1089232135315563,1.098868775185508,1.1196409847907178,Methanosarcina_acetivorans_c2a.ASM734v1
63,1.1012112727643513,1.090703264070144,1.1113607825318466,Methanosarcina_acetivorans_c2a.ASM734v1
64,1.0996483549822273,1.0893919285263483,1.1098133980926896,Methanosarcina_acetivorans_c2a.ASM734v1
65,1.1098491588720665,1.0994585069184457,1.119294262175701,Methanosarcina_acetivorans_c2a.ASM734v1
66,1.0988276628818034,1.0881873150496386,1.1089089850512015,Methanosarcina_acetivorans_c2a.ASM734v1
67,1.104973899870728,1.0949683453583854,1.1147509390354808,Methanosarcina_acetivorans_c2a.ASM734v1
68,1.1009976816539466,1.0905624593805787,1.1112611965809442,Methanosarcina_acetivorans_c2a.ASM734v1
69,1.1017032703401801,1.0915140361352462,1.1117400623682756,Methanosarcina_acetivorans_c2a.ASM734v1
70,1.0987068247617247,1.0896590449464294,1.1089014578587564,Methanosarcina_acetivorans_c2a.ASM734v1
71,1.0969705771596119,1.0872036925336337,1.1071957349876747,Methanosarcina_acetivorans_c2a.ASM734v1
72,1.1009456616194764,1.091629678043872,1.1113239923137286,Methanosarcina_acetivorans_c2a.ASM734v1
73,1.1072939911108584,1.0978431549437737,1.1173501981927052,Methanosarcina_acetivorans_c2a.ASM734v1
74,1.1061706869253056,1.096153966405772,1.1161824307337591,Methanosarcina_acetivorans_c2a.ASM734v1
75,1.1060718749058873,1.0959302132891513,1.115628318837069,Methanosarcina_acetivorans_c2a.ASM734v1
76,1.1090954988082704,1.0988122102221554,1.1191648291778535,Methanosarcina_acetivorans_c2a.ASM734v1
77,1.0994793562776517,1.0893528184297554,1.1090860585690459,Methanosarcina_acetivorans_c2a.ASM734v1
78,1.106287142708411,1.0958737948377681,1.1159719770149914,Methanosarcina_acetivorans_c2a.ASM734v1
79,1.105249191913168,1.0955645624358326,1.115084654876807,Methanosarcina_acetivorans_c2a.ASM734v1
80,1.1057570145944524,1.0958538212657913,1.1154339707525929,Methanosarcina_acetivorans_c2a.ASM734v1
81,1.101909631483275,1.0916943918133983,1.1117846301553753,Methanosarcina_acetivorans_c2a.ASM734v1
82,1.1082147277557024,1.0985068803667122,1.1187936497342748,Methanosarcina_acetivorans_c2a.ASM734v1
83,1.103894714925702,1.0932555736769385,1.113991130151471,Methanosarcina_acetivorans_c2a.ASM734v1
84,1.1170594412073394,1.1067713893279902,1.1265880085945772,Methanosarcina_acetivorans_c2a.ASM734v1
85,1.0945927406465221,1.084966536914081,1.1045158016145002,Methanosarcina_acetivorans_c2a.ASM734v1
86,1.1034970241772664,1.0931899185941765,1.1128718984315484,Methanosarcina_acetivorans_c2a.ASM734v1
87,1.1007971512962957,1.0916386218696013,1.1108464688008663,Methanosarcina_acetivorans_c2a.ASM734v1
88,1.1028963976906474,1.0931083838413602,1.1134380948184825,Methanosarcina_acetivorans_c2a.ASM734v1
89,1.115345930749283,1.1058553201038308,1.1253364893979423,Methanosarcina_acetivorans_c2a.ASM734v1
90,1.1065168415953293,1.097013503052421,1.1162827405259355,Methanosarcina_acetivorans_c2a.ASM734v1
91,1.1207270996850303,1.1108138832351644,1.1305030722547431,Methanosarcina_acetivorans_c2a.ASM734v1
92,1.0906727402239502,1.080158907713388,1.0999936719396386,Methanosarcina_acetivorans_c2a.ASM734v1
93,1.111626456209503,1.101123399020357,1.1215958641267336,Methanosarcina_acetivorans_c2a.ASM734v1
94,1.097041856513462,1.0870145258979522,1.1072383330556046,Methanosarcina_acetivorans_c2a.ASM734v1
95,1.103613624913279,1.0931647841913217,1.114413498273835,Methanosarcina_acetivorans_c2a.ASM734v1
96,1.1072230870803788,1.0976067066981996,1.1173146192457362,Methanosarcina_acetivorans_c2a.ASM734v1
97,1.1065539974053966,1.097151548763512,1.1156791367579726,Methanosarcina_acetivorans_c2a.ASM734v1
98,1.1123074637256116,1.1014256174674362,1.1221663658249232,Methanosarcina_acetivorans_c2a.ASM734v1
99,1.1013127398118445,1.0918829827336127,1.1108102198969934,Methanosarcina_acetivorans_c2a.ASM734v1
100,1.0977292677654806,1.0878948676793736,1.108475793759361,Methanosarcina_acetivorans_c2a.ASM734v1
1,0.9897758968605089,0.9873079196881775,0.9923381397785063,Methylacidiphilum_kamchatkense_Kam1
2,1.2151188788128704,1.1975657703824165,1.2328979329547645,Methylacidiphilum_kamchatkense_Kam1
3,1.1682386137404936,1.148443640700328,1.1875159153675479,Methylacidiphilum_kamchatkense_Kam1
4,1.181931283247301,1.1621299010339852,1.199654019068814,Methylacidiphilum_kamchatkense_Kam1
5,1.1828892690721284,1.1639710520394715,1.201751229756657,Methylacidiphilum_kamchatkense_Kam1
6,1.1877762898602078,1.1691964533666521,1.2075996334592733,Methylacidiphilum_kamchatkense_Kam1
7,1.1957672047554857,1.1766206990371417,1.2140693861412357,Methylacidiphilum_kamchatkense_Kam1
8,1.1897901743464057,1.1720961016575122,1.2084891402051576,Methylacidiphilum_kamchatkense_Kam1
9,1.195518346964795,1.1772838505448235,1.2137340285514029,Methylacidiphilum_kamchatkense_Kam1
10,1.1792677647621592,1.1600615429078267,1.1976501079068536,Methylacidiphilum_kamchatkense_Kam1
11,1.157848843279387,1.1383289089280513,1.1774221173175796,Methylacidiphilum_kamchatkense_Kam1
12,1.1797042784725091,1.1609573354233895,1.1977208873817822,Methylacidiphilum_kamchatkense_Kam1
13,1.171097566716694,1.154074751660358,1.1903574678989797,Methylacidiphilum_kamchatkense_Kam1
14,1.1676893237760315,1.1477894508739817,1.1855846905860525,Methylacidiphilum_kamchatkense_Kam1
15,1.1790944256326379,1.1599077585276667,1.1966299834041343,Methylacidiphilum_kamchatkense_Kam1
16,1.183361752259649,1.164123699567966,1.2020845549320227,Methylacidiphilum_kamchatkense_Kam1
17,1.195483497365576,1.1764502169894386,1.2145697393875035,Methylacidiphilum_kamchatkense_Kam1
18,1.1632373796025826,1.1459787397926413,1.1806319577160367,Methylacidiphilum_kamchatkense_Kam1
19,1.191649873379197,1.1733209933230817,1.2105303964312222,Methylacidiphilum_kamchatkense_Kam1
20,1.1795490492611258,1.161869474984821,1.1978334469775707,Methylacidiphilum_kamchatkense_Kam1
21,1.1661309836210552,1.1474820045921328,1.1847366420526542,Methylacidiphilum_kamchatkense_Kam1
22,1.1651260932108312,1.146267292130413,1.184669452424972,Methylacidiphilum_kamchatkense_Kam1
23,1.1816615459583328,1.163613879219964,1.1987757171436593,Methylacidiphilum_kamchatkense_Kam1
24,1.1659859966324706,1.1457859169391134,1.1867714746570042,Methylacidiphilum_kamchatkense_Kam1
25,1.182714484492143,1.1626410609848068,1.2019333347013963,Methylacidiphilum_kamchatkense_Kam1
26,1.1716105678627984,1.1530221184940632,1.1888952105285866,Methylacidiphilum_kamchatkense_Kam1
27,1.1571732959428904,1.1364075754084588,1.1746713766828702,Methylacidiphilum_kamchatkense_Kam1
28,1.1759966902938699,1.1580266121445764,1.1941784653769514,Methylacidiphilum_kamchatkense_Kam1
29,1.172215409367551,1.1544364092278099,1.191371477689545,Methylacidiphilum_kamchatkense_Kam1
30,1.1820511591747902,1.1625742424650185,1.2022530361240973,Methylacidiphilum_kamchatkense_Kam1
31,1.1759672240251184,1.15745368585306,1.194435840442323,Methylacidiphilum_kamchatkense_Kam1
32,1.1741471140638413,1.1554610266505485,1.1920049842336007,Methylacidiphilum_kamchatkense_Kam1
33,1.169551015523741,1.15080953785478,1.1884491346230466,Methylacidiphilum_kamchatkense_Kam1
34,1.1810034182837537,1.161941775017369,1.199004530467484,Methylacidiphilum_kamchatkense_Kam1
35,1.183888759670646,1.167056132982739,1.2018832991617505,Methylacidiphilum_kamchatkense_Kam1
36,1.1740691152798994,1.1550678442846947,1.1923513227638916,Methylacidiphilum_kamchatkense_Kam1
37,1.1609452288318152,1.143064523061058,1.1803825929931322,Methylacidiphilum_kamchatkense_Kam1
38,1.1696283643811265,1.1510752867644602,1.187210062166277,Methylacidiphilum_kamchatkense_Kam1
39,1.169578111419479,1.1512510295152536,1.1881661120449734,Methylacidiphilum_kamchatkense_Kam1
40,1.1836632808732166,1.1647372538484844,1.2026738090192999,Methylacidiphilum_kamchatkense_Kam1
41,1.1949088784276112,1.1762301660156889,1.2143456098347205,Methylacidiphilum_kamchatkense_Kam1
42,1.1603076909708854,1.1431727403783694,1.1787316124635128,Methylacidiphilum_kamchatkense_Kam1
43,1.183041213551315,1.165127636908417,1.1996370935802794,Methylacidiphilum_kamchatkense_Kam1
44,1.1803498589293466,1.1623503475479786,1.1989208073186775,Methylacidiphilum_kamchatkense_Kam1
45,1.1786748501141355,1.1594478957317094,1.1977091320815365,Methylacidiphilum_kamchatkense_Kam1
46,1.1767220556820044,1.1588558489505263,1.1950199967911173,Methylacidiphilum_kamchatkense_Kam1
47,1.16975977134588,1.1495185713189287,1.1874111765818294,Methylacidiphilum_kamchatkense_Kam1
48,1.1773035835358194,1.1597689792416523,1.1955995907419907,Methylacidiphilum_kamchatkense_Kam1
49,1.1796523450631742,1.1598165927056066,1.1988085325480178,Methylacidiphilum_kamchatkense_Kam1
50,1.1724859787017003,1.1544387411563335,1.1916823821978204,Methylacidiphilum_kamchatkense_Kam1
51,1.1864965634318658,1.167732874754164,1.2055889974713494,Methylacidiphilum_kamchatkense_Kam1
52,1.1899304199625969,1.1707831094501369,1.2096558912652104,Methylacidiphilum_kamchatkense_Kam1
53,1.1723336046769703,1.1535088128819642,1.1908953265643256,Methylacidiphilum_kamchatkense_Kam1
54,1.1888006707926935,1.17072729311715,1.2078673149259695,Methylacidiphilum_kamchatkense_Kam1
55,1.1835399606201993,1.1661238031995564,1.2027991548652455,Methylacidiphilum_kamchatkense_Kam1
56,1.1732274362726056,1.1532436470257674,1.1909083733684487,Methylacidiphilum_kamchatkense_Kam1
57,1.1731994590644614,1.1538272359740567,1.1923954737997307,Methylacidiphilum_kamchatkense_Kam1
58,1.1852352117710974,1.1676140851681898,1.2030839096831554,Methylacidiphilum_kamchatkense_Kam1
59,1.1961736717488487,1.1787008982177887,1.2133701439966704,Methylacidiphilum_kamchatkense_Kam1
60,1.1650922470639347,1.1473384625431535,1.1852804429988637,Methylacidiphilum_kamchatkense_Kam1
61,1.1775716041494024,1.1590475370454099,1.1950106292315736,Methylacidiphilum_kamchatkense_Kam1
62,1.1598551608975547,1.1409977239547575,1.1788322190611118,Methylacidiphilum_kamchatkense_Kam1
63,1.162491038693014,1.1440442240726056,1.1795677360988093,Methylacidiphilum_kamchatkense_Kam1
64,1.1800676109681427,1.1622955823467769,1.1979815280248394,Methylacidiphilum_kamchatkense_Kam1
65,1.1743754673675966,1.1552556542642118,1.1919746000045779,Methylacidiphilum_kamchatkense_Kam1
66,1.161818069193207,1.1430782035387044,1.1826506835323711,Methylacidiphilum_kamchatkense_Kam1
67,1.1578756238199877,1.1393997339801694,1.1761799912363762,Methylacidiphilum_kamchatkense_Kam1
68,1.1681650562529715,1.1498172603475907,1.1873331750514033,Methylacidiphilum_kamchatkense_Kam1
69,1.17852164892482,1.159441709787138,1.1981082297311776,Methylacidiphilum_kamchatkense_Kam1
70,1.172179639793411,1.1535972508206747,1.1907153957962693,Methylacidiphilum_kamchatkense_Kam1
71,1.1715861750821968,1.1534688760255367,1.1890197091058068,Methylacidiphilum_kamchatkense_Kam1
72,1.1774437492184935,1.1583916985836094,1.1971024859350121,Methylacidiphilum_kamchatkense_Kam1
73,1.168277921958114,1.1497931370947325,1.1868224081671717,Methylacidiphilum_kamchatkense_Kam1
74,1.1677534458085674,1.149527581974615,1.1856589904250852,Methylacidiphilum_kamchatkense_Kam1
75,1.1886274156915737,1.1704044652869223,1.2076437202213568,Methylacidiphilum_kamchatkense_Kam1
76,1.1764726807605455,1.1585924759073205,1.1951179582223206,Methylacidiphilum_kamchatkense_Kam1
77,1.1814158166682875,1.1625479327324975,1.2000712131621516,Methylacidiphilum_kamchatkense_Kam1
78,1.1750470602058891,1.1565352007262648,1.1929863990983436,Methylacidiphilum_kamchatkense_Kam1
79,1.1627716358566904,1.144898143610181,1.1790950561668136,Methylacidiphilum_kamchatkense_Kam1
80,1.1746883654662135,1.1565834952079956,1.1926668155545341,Methylacidiphilum_kamchatkense_Kam1
81,1.1745517424622267,1.155325050286183,1.1910718349668379,Methylacidiphilum_kamchatkense_Kam1
82,1.1659808282017812,1.1471971992665597,1.1845414825633185,Methylacidiphilum_kamchatkense_Kam1
83,1.1827325055569298,1.163953511226874,1.2013044006983595,Methylacidiphilum_kamchatkense_Kam1
84,1.1706551986958653,1.1507717560156665,1.1898768302224743,Methylacidiphilum_kamchatkense_Kam1
85,1.168729349722084,1.1515076816722358,1.1867223460015708,Methylacidiphilum_kamchatkense_Kam1
86,1.1785933248256866,1.1585081770865597,1.1968928215242478,Methylacidiphilum_kamchatkense_Kam1
87,1.1634369108274965,1.1451457317841913,1.1820664432875159,Methylacidiphilum_kamchatkense_Kam1
88,1.1709298781266408,1.1523737344416156,1.1881922408309096,Methylacidiphilum_kamchatkense_Kam1
89,1.1783222559987896,1.158593088725105,1.196387773148376,Methylacidiphilum_kamchatkense_Kam1
90,1.1627301261035925,1.1430344466893498,1.1825974829173331,Methylacidiphilum_kamchatkense_Kam1
91,1.1821796588339633,1.1632230458871868,1.2003179246006415,Methylacidiphilum_kamchatkense_Kam1
92,1.177907491952913,1.158918754843819,1.1966155393875293,Methylacidiphilum_kamchatkense_Kam1
93,1.1582918301326903,1.1407513337286632,1.176089784668957,Methylacidiphilum_kamchatkense_Kam1
94,1.1687659362414393,1.1499253081298029,1.187137806452989,Methylacidiphilum_kamchatkense_Kam1
95,1.172874606870028,1.1528433670545986,1.1913453391531534,Methylacidiphilum_kamchatkense_Kam1
96,1.1825316737832485,1.1644477458034566,1.2002581613859757,Methylacidiphilum_kamchatkense_Kam1
97,1.1746794173104416,1.1552516573053349,1.1943205014077052,Methylacidiphilum_kamchatkense_Kam1
98,1.1572074552671128,1.1404292918459824,1.1753452426716458,Methylacidiphilum_kamchatkense_Kam1
99,1.1835782944491247,1.1642802558231269,1.2022591683739534,Methylacidiphilum_kamchatkense_Kam1
100,1.162724630741481,1.1447360172506706,1.1817842947423975,Methylacidiphilum_kamchatkense_Kam1
1,1.0012256049167707,1.000354291036189,1.0021399326891018,Neurospora_crassa_73
2,1.0751786842652444,1.0683410186667506,1.0820708623315478,Neurospora_crassa_73
3,1.1290028171681483,1.1217976047837712,1.1363808340525712,Neurospora_crassa_73
4,1.070115582146982,1.0624893377119784,1.0779099267870775,Neurospora_crassa_73
5,1.0928246295073591,1.0851646502418277,1.1002293858201015,Neurospora_crassa_73
6,1.1065756408003762,1.0994554444145013,1.1134278638899744,Neurospora_crassa_73
7,1.1230174069277772,1.1159073385820388,1.130762857130667,Neurospora_crassa_73
8,1.144143486210108,1.1366175902389737,1.151076671098218,Neurospora_crassa_73
9,1.1460257444075972,1.138353933245934,1.153724779157131,Neurospora_crassa_73
10,1.1504329660706594,1.1432047788998252,1.15773577088346,Neurospora_crassa_73
11,1.145955191625547,1.1385474943599836,1.1529594161162406,Neurospora_crassa_73
12,1.1502172244104587,1.1430326002663902,1.1579662440622993,Neurospora_crassa_73
13,1.1434051045649523,1.1360482720222396,1.1509061049741767,Neurospora_crassa_73
14,1.1458950944190074,1.138303347640405,1.153101448073227,Neurospora_crassa_73
15,1.1417603928436193,1.1345220178584012,1.1491644146258395,Neurospora_crassa_73
16,1.1417053433551188,1.1343892942691347,1.1489307993706888,Neurospora_crassa_73
17,1.1429585958358808,1.1354450138759054,1.1502281548597821,Neurospora_crassa_73
18,1.1432105682906009,1.1358532465138163,1.1498544092935516,Neurospora_crassa_73
19,1.1404733059318304,1.133709692754723,1.1481101281879311,Neurospora_crassa_73
20,1.1429137477767382,1.1350955627094577,1.1506073808403536,Neurospora_crassa_73
21,1.1371069068556185,1.1304337616948201,1.144463308333223,Neurospora_crassa_73
22,1.1370859160792208,1.1296627034740325,1.1445864516081554,Neurospora_crassa_73
23,1.1374699084115063,1.1302273247585009,1.1444214539276534,Neurospora_crassa_73
24,1.1443587599604408,1.1369342978753432,1.151669093585923,Neurospora_crassa_73
25,1.1372326010305147,1.1301348086691698,1.1449866080223001,Neurospora_crassa_73
26,1.1383310239414648,1.1313066285005977,1.1456177281880309,Neurospora_crassa_73
27,1.143388071320526,1.1364619939117,1.1502647496152878,Neurospora_crassa_73
28,1.134151576724972,1.1261692144062696,1.1413872012873425,Neurospora_crassa_73
29,1.1417049481740362,1.1348780906778926,1.149007026324243,Neurospora_crassa_73
30,1.1413044588733017,1.1334463370835246,1.1485642123001165,Neurospora_crassa_73
31,1.142994951844524,1.1362905009642073,1.1501507004582876,Neurospora_crassa_73
32,1.1312070185048062,1.1234640669188953,1.1385937085878377,Neurospora_crassa_73
33,1.1393386388088271,1.1319166724808476,1.1463832428757372,Neurospora_crassa_73
34,1.144044278642131,1.1366962736663448,1.150893811915253,Neurospora_crassa_73
35,1.1422947296465686,1.1354123624685053,1.1493328132367195,Neurospora_crassa_73
36,1.1327658304599404,1.1249430006635985,1.1397821786882816,Neurospora_crassa_73
37,1.147617376274508,1.140611985301611,1.1545104930007895,Neurospora_crassa_73
38,1.1461007275668396,1.1389488501772194,1.1530162182925425,Neurospora_crassa_73
39,1.138821845769641,1.1317368529206937,1.1461019995857342,Neurospora_crassa_73
40,1.1344827095862906,1.1273062293759677,1.1420201970201949,Neurospora_crassa_73
41,1.1427865540194284,1.1348551278469443,1.1500756686545335,Neurospora_crassa_73
42,1.144662631586718,1.1372339369785958,1.1526617361997795,Neurospora_crassa_73
43,1.1404891243261304,1.1327910081080075,1.1482890453163779,Neurospora_crassa_73
44,1.1368087356975436,1.1295421298829382,1.1436765260572606,Neurospora_crassa_73
45,1.1466810886344319,1.1395716494799182,1.153592351273643,Neurospora_crassa_73
46,1.1429548786727752,1.135040504610484,1.1505411801545755,Neurospora_crassa_73
47,1.1478387839198463,1.1407600977877517,1.1552035871168267,Neurospora_crassa_73
48,1.1460809731269748,1.1389171449830866,1.1529723504707508,Neurospora_crassa_73
49,1.1452259252182222,1.1381125275037407,1.1524895056013627,Neurospora_crassa_73
50,1.1408889281801995,1.134079513131179,1.1476731244738638,Neurospora_crassa_73
51,1.1372608526107184,1.1296600077647239,1.1440756288704974,Neurospora_crassa_73
52,1.1376816544624364,1.1305654006013826,1.1446135117211227,Neurospora_crassa_73
53,1.1384642994513468,1.1313474437209827,1.1452503293031637,Neurospora_crassa_73
54,1.141450321402247,1.134260769031965,1.1493329395541536,Neurospora_crassa_73
55,1.1472358463399819,1.139978323993144,1.1546434223353346,Neurospora_crassa_73
56,1.1424464911320968,1.1355320311889332,1.1498328449082524,Neurospora_crassa_73
57,1.1448268109501631,1.1378252488476095,1.152330345202546,Neurospora_crassa_73
58,1.1504315051854501,1.1432005187403251,1.1579119331734544,Neurospora_crassa_73
59,1.13643897210875,1.12920432787729,1.1438499716718016,Neurospora_crassa_73
60,1.1392124541908228,1.131786510491932,1.1460006289448839,Neurospora_crassa_73
61,1.1394794479800114,1.132663963059375,1.1462112972836396,Neurospora_crassa_73
62,1.139451117227198,1.131647821858747,1.1468773164528285,Neurospora_crassa_73
63,1.1410357584926634,1.1342957930255833,1.148281679799045,Neurospora_crassa_73
64,1.1450230856370132,1.1377739202749042,1.1517614342850409,Neurospora_crassa_73
65,1.1442618028644647,1.1367187995689998,1.1513590935782738,Neurospora_crassa_73
66,1.145138624408379,1.1384341250815408,1.152238922578955,Neurospora_crassa_73
67,1.1411607097113832,1.1332988696404214,1.147959223688955,Neurospora_crassa_73
68,1.149749393041073,1.142235894889667,1.1571243865172742,Neurospora_crassa_73
69,1.1411160570306818,1.133959717274929,1.1483826599795992,Neurospora_crassa_73
70,1.1465188744318726,1.1395536649743696,1.1534873367507372,Neurospora_crassa_73
71,1.1501863563615005,1.1436247508992896,1.15713671172504,Neurospora_crassa_73
72,1.1446438026194803,1.137788015083426,1.1517424660204358,Neurospora_crassa_73
73,1.1471676939945719,1.1397608564780035,1.154502982665329,Neurospora_crassa_73
74,1.1449133120161163,1.137780107869639,1.1513866891953684,Neurospora_crassa_73
75,1.1489969252531798,1.1421031081773807,1.1560958633993832,Neurospora_crassa_73
76,1.138659754088151,1.1318047992519256,1.145669121677018,Neurospora_crassa_73
77,1.153080456121456,1.1454551524673737,1.1597355236146478,Neurospora_crassa_73
78,1.1468929419062448,1.1403078622101197,1.153813030374364,Neurospora_crassa_73
79,1.149934036511832,1.1426736195740468,1.1576781591615841,Neurospora_crassa_73
80,1.1393112924614224,1.1323271394779355,1.1462961481110627,Neurospora_crassa_73
81,1.1434464191250158,1.1364590327940893,1.150489192985298,Neurospora_crassa_73
82,1.1408542266276296,1.1339581087471535,1.14824980574475,Neurospora_crassa_73
83,1.1511030940765692,1.143659873718972,1.1580612353484845,Neurospora_crassa_73
84,1.1448440373200852,1.1378984543306823,1.1522820554100244,Neurospora_crassa_73
85,1.1440548165678626,1.137197333945498,1.1508401171062752,Neurospora_crassa_73
86,1.1475740886311538,1.1405998870397713,1.1542871564766934,Neurospora_crassa_73
87,1.139757985752288,1.1323901815379984,1.1466462857016717,Neurospora_crassa_73
88,1.1469426895214219,1.1398825414995537,1.1544700321946426,Neurospora_crassa_73
89,1.1423038723102374,1.1352642796842558,1.1495938590774952,Neurospora_crassa_73
90,1.1385435200725307,1.1316353668899686,1.14571764720658,Neurospora_crassa_73
91,1.1448940128260532,1.137287151762072,1.1515540277402683,Neurospora_crassa_73
92,1.1469653186698807,1.140264904728238,1.1548325381103026,Neurospora_crassa_73
93,1.1408292266289957,1.133917138802712,1.1477354839360376,Neurospora_crassa_73
94,1.1385606808459816,1.1315630349820431,1.145733536795818,Neurospora_crassa_73
95,1.146826084375684,1.1401494996645833,1.1542524822010456,Neurospora_crassa_73
96,1.1429559003096352,1.1351703299362315,1.1498459827480982,Neurospora_crassa_73
97,1.1396649647845305,1.1324250370352194,1.146549836917169,Neurospora_crassa_73
98,1.1446603488670373,1.1375491211951196,1.151314842251163,Neurospora_crassa_73
99,1.1423360698091172,1.135395349550099,1.1495337451319319,Neurospora_crassa_73
100,1.1388285310749977,1.1318133748408001,1.146005979381339,Neurospora_crassa_73
1,0.9999022928371833,0.9998045856743667,0.9999755732092959,Saccharomyces_cerevisiae
2,1.132156801518005,1.1224023001421066,1.1417923591035448,Saccharomyces_cerevisiae
3,1.1456864332508767,1.1347964978230836,1.1564465310679775,Saccharomyces_cerevisiae
4,1.1669438219294737,1.1563819915403577,1.1773783820396477,Saccharomyces_cerevisiae
5,1.1510925496814577,1.1406613398699637,1.1611613412781971,Saccharomyces_cerevisiae
6,1.1602951304604832,1.1499067019033842,1.1712354239832836,Saccharomyces_cerevisiae
7,1.141756534089192,1.1313409141006963,1.1526684812141028,Saccharomyces_cerevisiae
8,1.1395162518552782,1.1290078450622554,1.1499634863519277,Saccharomyces_cerevisiae
9,1.1302180121651564,1.119528339911823,1.1407351576596152,Saccharomyces_cerevisiae
10,1.1335967882836822,1.1231901704477312,1.1438703990756713,Saccharomyces_cerevisiae
11,1.1204300043700708,1.1098590489695086,1.130632371785186,Saccharomyces_cerevisiae
12,1.124850609236835,1.1136873129136382,1.1355699983568994,Saccharomyces_cerevisiae
13,1.123317828070022,1.1131232458432367,1.134597633907923,Saccharomyces_cerevisiae
14,1.1247579133066286,1.1145395317944535,1.136030966421076,Saccharomyces_cerevisiae
15,1.1224596250334546,1.1128109759893225,1.133612542904646,Saccharomyces_cerevisiae
16,1.1092141653859016,1.0986998961828691,1.118869413571705,Saccharomyces_cerevisiae
17,1.1147754777987047,1.1047792684197013,1.1253446977881867,Saccharomyces_cerevisiae
18,1.1239220710783961,1.113159039765754,1.1343707377581014,Saccharomyces_cerevisiae
19,1.1240725589901959,1.1125462400986337,1.1352750193743866,Saccharomyces_cerevisiae
20,1.1164262934042921,1.106268911875493,1.1273248301317007,Saccharomyces_cerevisiae
21,1.1260994766030583,1.1156381838251797,1.1360066356052907,Saccharomyces_cerevisiae
22,1.1218500409635068,1.1123232907774894,1.1316723749803799,Saccharomyces_cerevisiae
23,1.1252417827377164,1.114858081821689,1.1357595051485967,Saccharomyces_cerevisiae
24,1.1187298056569697,1.1085213944362056,1.128231941477757,Saccharomyces_cerevisiae
25,1.1215024608410393,1.110650514976057,1.1321256473727077,Saccharomyces_cerevisiae
26,1.1151001224973676,1.1056051666730167,1.1250847630579288,Saccharomyces_cerevisiae
27,1.1204199664253407,1.1094012921891525,1.1303387745695757,Saccharomyces_cerevisiae
28,1.1183824087819012,1.1085712970732329,1.1288839471319412,Saccharomyces_cerevisiae
29,1.1250171735970032,1.1153889169970292,1.134825477907245,Saccharomyces_cerevisiae
30,1.1235192087566406,1.1136779803813694,1.1340123603616663,Saccharomyces_cerevisiae
31,1.1224760379029843,1.1124577202591701,1.1333025127486875,Saccharomyces_cerevisiae
32,1.121665401669903,1.1111500793199436,1.1321867214647043,Saccharomyces_cerevisiae
33,1.1376432056961432,1.1265772058007184,1.148413108003506,Saccharomyces_cerevisiae
34,1.125572834286581,1.1140865660444959,1.1364597519359914,Saccharomyces_cerevisiae
35,1.1240368912871153,1.1137284039060737,1.1341889359752553,Saccharomyces_cerevisiae
36,1.122878689334907,1.1123251006216595,1.133750203318695,Saccharomyces_cerevisiae
37,1.140479482228056,1.1295328554256026,1.1508096138555368,Saccharomyces_cerevisiae
38,1.1157617439704715,1.1061054455556865,1.1255089746011993,Saccharomyces_cerevisiae
39,1.1122643036702808,1.1021337018391026,1.1217617228775643,Saccharomyces_cerevisiae
40,1.1203895326826996,1.1099616119087474,1.129371628536749,Saccharomyces_cerevisiae
41,1.1276159618318586,1.1166310248022608,1.1382801528247528,Saccharomyces_cerevisiae
42,1.135684256847186,1.1256197526338225,1.1460514560632102,Saccharomyces_cerevisiae
43,1.1137920563589399,1.1037327965613701,1.1238606466464458,Saccharomyces_cerevisiae
44,1.1251962570567182,1.1149994294765375,1.135935249503004,Saccharomyces_cerevisiae
45,1.1375596419503786,1.1276821914274238,1.147661157084534,Saccharomyces_cerevisiae
46,1.1284116636134753,1.1184885277871561,1.1392142418220734,Saccharomyces_cerevisiae
47,1.1252078674184787,1.1150741185153956,1.1358081980136225,Saccharomyces_cerevisiae
48,1.1248520522307257,1.1143735700437776,1.1351332204594449,Saccharomyces_cerevisiae
49,1.116657723612888,1.1063437081042236,1.12621437886897,Saccharomyces_cerevisiae
50,1.1290188179065193,1.1184703248511902,1.1393828474316772,Saccharomyces_cerevisiae
51,1.121270354654325,1.110201097354746,1.1320960554831894,Saccharomyces_cerevisiae
52,1.1380042183189742,1.1269157504618226,1.148388197868768,Saccharomyces_cerevisiae
53,1.1338360735058304,1.123353277123561,1.143650685885057,Saccharomyces_cerevisiae
54,1.112045986666894,1.1018383418029316,1.1236112697165968,Saccharomyces_cerevisiae
55,1.131229199771495,1.1208615410947862,1.14098834748064,Saccharomyces_cerevisiae
56,1.127602652395494,1.1172152360464251,1.1379196488287824,Saccharomyces_cerevisiae
57,1.1245019852291878,1.1144848339489286,1.1346095867889092,Saccharomyces_cerevisiae
58,1.131078617981295,1.120134913924505,1.1415887181984625,Saccharomyces_cerevisiae
59,1.1297600724305548,1.120011229606871,1.1394725718808008,Saccharomyces_cerevisiae
60,1.1259548404892692,1.115580603779809,1.1368001558143703,Saccharomyces_cerevisiae
61,1.1266308778048595,1.1155443007615782,1.136848078247969,Saccharomyces_cerevisiae
62,1.1278897776002228,1.1179353740143165,1.138031794206898,Saccharomyces_cerevisiae
63,1.1302198264117853,1.1199523799650843,1.1398045169505675,Saccharomyces_cerevisiae
64,1.1280953025105556,1.1174177145814852,1.138329784017852,Saccharomyces_cerevisiae
65,1.1188905693937172,1.1091693641908398,1.1294309718256186,Saccharomyces_cerevisiae
66,1.127041956304341,1.1168894283291748,1.1371055792369837,Saccharomyces_cerevisiae
67,1.1294374530648936,1.118799773025617,1.13995541049671,Saccharomyces_cerevisiae
68,1.1288734592245016,1.1188316094849926,1.139041202762952,Saccharomyces_cerevisiae
69,1.1278094860730465,1.1177089287080517,1.1380158205393296,Saccharomyces_cerevisiae
70,1.1285312689745581,1.1182992828255136,1.1390373564776572,Saccharomyces_cerevisiae
71,1.1348888509326505,1.1250920281816599,1.145778933267109,Saccharomyces_cerevisiae
72,1.122179349677379,1.1118350398707912,1.1324347399504295,Saccharomyces_cerevisiae
73,1.138076928034278,1.1284147480850608,1.149529950139767,Saccharomyces_cerevisiae
74,1.1360355771002906,1.124818249338055,1.146816608452534,Saccharomyces_cerevisiae
75,1.13812223772332,1.1274935130006056,1.1485506690875262,Saccharomyces_cerevisiae
76,1.1249343405893157,1.1151819400757566,1.1356227109187975,Saccharomyces_cerevisiae
77,1.122424647065002,1.113475931329452,1.1324895941002564,Saccharomyces_cerevisiae
78,1.1356900468569282,1.12486114649594,1.1458585978230307,Saccharomyces_cerevisiae
79,1.1237100560995001,1.1126123915147446,1.1340889634439415,Saccharomyces_cerevisiae
80,1.1342709057594098,1.1242848442476052,1.1453718780181827,Saccharomyces_cerevisiae
81,1.1072701331300299,1.096818705726085,1.1174771157172334,Saccharomyces_cerevisiae
82,1.1311532757578886,1.1199945481338776,1.1424088590908068,Saccharomyces_cerevisiae
83,1.1235193071747107,1.113576575412082,1.1338590256118422,Saccharomyces_cerevisiae
84,1.1273988753343989,1.1171422733083,1.1377155868790545,Saccharomyces_cerevisiae
85,1.1235715495560599,1.113070064399595,1.1343379753113658,Saccharomyces_cerevisiae
86,1.1346520750229139,1.1251133456819902,1.1451035339120466,Saccharomyces_cerevisiae
87,1.1299689425249657,1.1195993911337605,1.139815406402305,Saccharomyces_cerevisiae
88,1.1250138824213831,1.1145069421879576,1.13582131821235,Saccharomyces_cerevisiae
89,1.1161340138421647,1.1059922122761132,1.1275063238978702,Saccharomyces_cerevisiae
90,1.1448576907770451,1.1344028446018672,1.1558885511051302,Saccharomyces_cerevisiae
91,1.1205090700939337,1.1099556724596902,1.1302054785178088,Saccharomyces_cerevisiae
92,1.1331046536788134,1.1226177605471197,1.1431914451764427,Saccharomyces_cerevisiae
93,1.137391396393382,1.127457768533611,1.1479813426392869,Saccharomyces_cerevisiae
94,1.1262073035193034,1.116742817396364,1.1360815205245378,Saccharomyces_cerevisiae
95,1.1324493734603818,1.122039450998208,1.1426013817093141,Saccharomyces_cerevisiae
96,1.1233210685153054,1.1129113793300722,1.1338616330302878,Saccharomyces_cerevisiae
97,1.1353896149352176,1.1251777838688761,1.1454252161214544,Saccharomyces_cerevisiae
98,1.1262255143326054,1.1162077244308075,1.1360342081612298,Saccharomyces_cerevisiae
99,1.1367092328486963,1.1254726868676523,1.147259901876484,Saccharomyces_cerevisiae
100,1.1377819518873944,1.1266948484158,1.147861717273835,Saccharomyces_cerevisiae
1,1.0004332212689664,1.0000850228320912,1.0008629727097178,Schizosaccharomyces_pombe
2,1.1917415724369196,1.177851075495249,1.2051869843405896,Schizosaccharomyces_pombe
3,1.1952388802299314,1.1831291822408472,1.2085891365539891,Schizosaccharomyces_pombe
4,1.1999871788854455,1.1874005115565671,1.2124865346689946,Schizosaccharomyces_pombe
5,1.1804728813368377,1.1689382855175419,1.1937551002310018,Schizosaccharomyces_pombe
6,1.1891649828022928,1.176221719592815,1.2023497557585987,Schizosaccharomyces_pombe
7,1.1992950219101308,1.18681074799179,1.2119737238761725,Schizosaccharomyces_pombe
8,1.178024217758124,1.1652167244296086,1.189678384010214,Schizosaccharomyces_pombe
9,1.1751687898754632,1.1634623932792154,1.188277084038787,Schizosaccharomyces_pombe
10,1.190237052556139,1.1780267231020383,1.2027847871003605,Schizosaccharomyces_pombe
11,1.17424751159749,1.1610210422658773,1.1871350257636661,Schizosaccharomyces_pombe
12,1.1738242072944154,1.1613788390856963,1.1867352407497604,Schizosaccharomyces_pombe
13,1.1760862574275261,1.1634510719949025,1.1896674432153498,Schizosaccharomyces_pombe
14,1.1785174805817058,1.166030456225498,1.1918648269597854,Schizosaccharomyces_pombe
15,1.1754350731408156,1.1622942110846635,1.187780549136793,Schizosaccharomyces_pombe
16,1.1773066492291213,1.1647610313523746,1.1901667241272929,Schizosaccharomyces_pombe
17,1.1930850111167752,1.1811809827323105,1.2057632025792366,Schizosaccharomyces_pombe
18,1.1750805964907518,1.1620302382409746,1.1873968227068614,Schizosaccharomyces_pombe
19,1.1772500187562898,1.1639974011703564,1.1884912721660246,Schizosaccharomyces_pombe
20,1.1907262940619199,1.1776734471841777,1.203258188089847,Schizosaccharomyces_pombe
21,1.1787808307021435,1.1672343496448354,1.1923638801033132,Schizosaccharomyces_pombe
22,1.190482781795526,1.1778546927462297,1.2027078498169372,Schizosaccharomyces_pombe
23,1.1856705263739504,1.1723056759120862,1.1985081699760203,Schizosaccharomyces_pombe
24,1.1934304493946757,1.1804734915272046,1.2066275502971824,Schizosaccharomyces_pombe
25,1.19947701157312,1.1865250118252049,1.2108966015520355,Schizosaccharomyces_pombe
26,1.1875564135278138,1.1756417794719711,1.2005332268810507,Schizosaccharomyces_pombe
27,1.1901902429095288,1.1774442473606168,1.202227839669232,Schizosaccharomyces_pombe
28,1.1882503006231186,1.17529245356366,1.2015315903082817,Schizosaccharomyces_pombe
29,1.187196127378641,1.1746063310680854,1.1990913898731095,Schizosaccharomyces_pombe
30,1.1913348758022477,1.1789969060005692,1.2041545055213754,Schizosaccharomyces_pombe
31,1.1837907583895078,1.1706421724858211,1.1968068908521567,Schizosaccharomyces_pombe
32,1.1894066591267567,1.1765445285052853,1.2013608000703493,Schizosaccharomyces_pombe
33,1.1901703228493976,1.1779512560084584,1.2025358370120742,Schizosaccharomyces_pombe
34,1.1908213094394813,1.1794400068883593,1.2042304193085291,Schizosaccharomyces_pombe
35,1.1824889369191278,1.1704848149632698,1.1960148451033485,Schizosaccharomyces_pombe
36,1.1855954128707182,1.1737682389786446,1.19683291662812,Schizosaccharomyces_pombe
37,1.1930380421833422,1.180124636638145,1.2054600029903364,Schizosaccharomyces_pombe
38,1.1840015738825471,1.1720599399951714,1.1970356051599236,Schizosaccharomyces_pombe
39,1.1932389964891852,1.1805375211180678,1.2057457064825285,Schizosaccharomyces_pombe
40,1.1795940795595237,1.1666266703494328,1.1921879964567883,Schizosaccharomyces_pombe
41,1.1870321381621052,1.1732621977446553,1.1994040170196398,Schizosaccharomyces_pombe
42,1.1984157077025286,1.1854586672525531,1.2103034023311916,Schizosaccharomyces_pombe
43,1.1981093723048448,1.1853707977900836,1.2102331656464962,Schizosaccharomyces_pombe
44,1.19253931418872,1.179186381475115,1.2053554023050903,Schizosaccharomyces_pombe
45,1.1974216306348993,1.185074828834171,1.2103812612365479,Schizosaccharomyces_pombe
46,1.1999944475614475,1.1883153056147462,1.2124713085671657,Schizosaccharomyces_pombe
47,1.1910722406867655,1.17876225792489,1.2036028731931347,Schizosaccharomyces_pombe
48,1.186101679029087,1.174060422297858,1.1982835552619011,Schizosaccharomyces_pombe
49,1.1919897321352046,1.1789412176967975,1.2048590240174906,Schizosaccharomyces_pombe
50,1.196613324213578,1.1838526668783445,1.2090876603916105,Schizosaccharomyces_pombe
51,1.1982752241551842,1.1857945890829198,1.2111275107143828,Schizosaccharomyces_pombe
52,1.1953172984215945,1.1831004848947808,1.2075443436905784,Schizosaccharomyces_pombe
53,1.1899577726756956,1.177382905808425,1.202650887728134,Schizosaccharomyces_pombe
54,1.1976367190851331,1.184960809529063,1.2089483419391023,Schizosaccharomyces_pombe
55,1.1987515290050141,1.186361319755961,1.2113180065475784,Schizosaccharomyces_pombe
56,1.1901400346692637,1.1771751265363415,1.2029550067564156,Schizosaccharomyces_pombe
57,1.1901126945299965,1.1780245162764655,1.202422142585726,Schizosaccharomyces_pombe
58,1.1927706605945378,1.1801518937018425,1.2066487069067626,Schizosaccharomyces_pombe
59,1.1961385058058498,1.1837415913071594,1.2086278844579548,Schizosaccharomyces_pombe
60,1.1849308657355322,1.1729295543575098,1.1973665152556567,Schizosaccharomyces_pombe
61,1.1922114995592046,1.1791461239524916,1.2046459491711312,Schizosaccharomyces_pombe
62,1.2032520734017127,1.1909506024925085,1.215155794924034,Schizosaccharomyces_pombe
63,1.1833185951282965,1.1709466883705872,1.1966311971164894,Schizosaccharomyces_pombe
64,1.2134593717221693,1.2000087398763097,1.2253758697237458,Schizosaccharomyces_pombe
65,1.1852134525767988,1.1732260401841215,1.1984778373349438,Schizosaccharomyces_pombe
66,1.1956665088000853,1.1832735390933797,1.2088566793958702,Schizosaccharomyces_pombe
67,1.2011419632993134,1.1882928751616388,1.2133628319326442,Schizosaccharomyces_pombe
68,1.2100772525377734,1.1977367474414566,1.2223595059737284,Schizosaccharomyces_pombe
69,1.1937681654435237,1.1807084118907014,1.206614138375057,Schizosaccharomyces_pombe
70,1.1846186869365583,1.1717339345562388,1.1973010309765268,Schizosaccharomyces_pombe
71,1.1954229643195344,1.1830568732889324,1.20749007912094,Schizosaccharomyces_pombe
72,1.1965690312070496,1.1828626561569908,1.2090196901561971,Schizosaccharomyces_pombe
73,1.1903520941224035,1.1764356647914296,1.202620627674244,Schizosaccharomyces_pombe
74,1.1928116015250072,1.1799525577605634,1.20520274556345,Schizosaccharomyces_pombe
75,1.195773902079671,1.1828124050453803,1.208235501785232,Schizosaccharomyces_pombe
76,1.1864527834641398,1.1744284816499595,1.1996470554658656,Schizosaccharomyces_pombe
77,1.1860221952818168,1.1728143849716905,1.1973632152272982,Schizosaccharomyces_pombe
78,1.2029069642056185,1.1907760125397289,1.216029400421578,Schizosaccharomyces_pombe
79,1.2107489294892038,1.198384055342262,1.2225295168431995,Schizosaccharomyces_pombe
80,1.1935988337709202,1.180504022479435,1.205290234944393,Schizosaccharomyces_pombe
81,1.1881050873607029,1.1752258459684386,1.2008045954455313,Schizosaccharomyces_pombe
82,1.1905085853541537,1.178582778610414,1.202365039902957,Schizosaccharomyces_pombe
83,1.1931220464281866,1.1795944017627658,1.2051438250596453,Schizosaccharomyces_pombe
84,1.1947456053121572,1.181808579777126,1.206600797623991,Schizosaccharomyces_pombe
85,1.2052325366317465,1.1923986703897167,1.2179326184180685,Schizosaccharomyces_pombe
86,1.1992907554633017,1.1868259433152732,1.2120710531298624,Schizosaccharomyces_pombe
87,1.209248607019097,1.1966203171846157,1.2215257262571013,Schizosaccharomyces_pombe
88,1.2015041403454434,1.1890080946887203,1.2138170578797687,Schizosaccharomyces_pombe
89,1.1973056141498712,1.1849065856751,1.2100060907944032,Schizosaccharomyces_pombe
90,1.1961963470178132,1.183835706139294,1.2093195116106024,Schizosaccharomyces_pombe
91,1.1980528360133254,1.1853783214062406,1.2102937490512453,Schizosaccharomyces_pombe
92,1.188448338772662,1.175630848108833,1.201447545675654,Schizosaccharomyces_pombe
93,1.192426070886322,1.178353648291927,1.204319230232908,Schizosaccharomyces_pombe
94,1.1888059142255005,1.1759298985658226,1.2011628976825999,Schizosaccharomyces_pombe
95,1.1941187858421631,1.181438318935159,1.2077584882145946,Schizosaccharomyces_pombe
96,1.2001077192749952,1.1878146957656648,1.2128220078331182,Schizosaccharomyces_pombe
97,1.2054444104926465,1.192304402525673,1.2191918513712605,Schizosaccharomyces_pombe
98,1.1956584130846715,1.1830496585417372,1.2081121417640157,Schizosaccharomyces_pombe
99,1.2022662874068242,1.1895754308873197,1.2150705332819525,Schizosaccharomyces_pombe
100,1.207133297307134,1.1945013579130936,1.2192389308439506,Schizosaccharomyces_pombe
