"Position","Element","Mean","Lower","Upper"
2,"Hydrogen bonds",7.11423550087873,7.08987572181773,7.14211649510419
3,"Hydrogen bonds",7.12452924930957,7.09790986693447,7.15089128797389
4,"Hydrogen bonds",7.09138840070299,7.06451795129299,7.11825257343711
5,"Hydrogen bonds",7.14109967361285,7.11773788601557,7.16846598041677
6,"Hydrogen bonds",7.08486065779563,7.05874968616621,7.10997363796134
7,"Hydrogen bonds",7.12553351744916,7.09940371579212,7.15241024353502
8,"Hydrogen bonds",7.18905347727843,7.16344463971881,7.21641978408235
9,"Hydrogen bonds",7.22269645995481,7.19683655536028,7.24981169972383
10,"Hydrogen bonds",7.20461963344213,7.17800025106703,7.2337747928697
11,"Hydrogen bonds",7.21516444890786,7.18729600803414,7.24227968867688
12,"Hydrogen bonds",7.22671353251318,7.19907732864675,7.25433718302787
13,"Hydrogen bonds",7.2237007280944,7.19582601054482,7.25106703489832
14,"Hydrogen bonds",7.24227968867688,7.21490082852122,7.2681395932714
15,"Hydrogen bonds",7.28069294501632,7.25483304042179,7.3090697966357
16,"Hydrogen bonds",7.28069294501632,7.25306929450163,7.30805925182024
17,"Hydrogen bonds",7.27491840321366,7.24880743158423,7.30180140597539
18,"Hydrogen bonds",7.27491840321366,7.2472884760231,7.29977403966859
19,"Hydrogen bonds",7.32538287722822,7.30075947778057,7.35475772031132
20,"Hydrogen bonds",7.30203364298268,7.27466105950289,7.328395681647
21,"Hydrogen bonds",7.28897815716796,7.26235877479287,7.31534019583229
22,"Hydrogen bonds",7.31785086618127,7.29324002008536,7.34747677629927
23,"Hydrogen bonds",7.32011046949536,7.29374843083103,7.34748305297514
24,"Hydrogen bonds",7.3286467486819,7.3027805674115,7.35652146623148
25,"Hydrogen bonds",7.32990208385639,7.30427441626914,7.35601933216169
26,"Hydrogen bonds",7.3437107707758,7.31834044689932,7.37007280944012
27,"Hydrogen bonds",7.34471503891539,7.31885513432086,7.36958322872207
28,"Hydrogen bonds",7.34948531257846,7.32312327391413,7.37760482048707
29,"Hydrogen bonds",7.33341702234497,7.30629550590008,7.36028747175496
30,"Hydrogen bonds",7.31107205623902,7.28169093648004,7.33818729600803
31,"Hydrogen bonds",7.33743409490334,7.30956565402963,7.36254707506904
32,"Hydrogen bonds",7.343208636706,7.31759979914637,7.37133442129048
33,"Hydrogen bonds",7.33868943007783,7.31180015064022,7.36580466984685
34,"Hydrogen bonds",7.32362540798393,7.29775922671353,7.35023851368315
35,"Hydrogen bonds",7.35977906100929,7.33339819231735,7.38388149635953
36,"Hydrogen bonds",7.35149384885765,7.32462967612353,7.37609841827768
37,"Hydrogen bonds",7.32462967612353,7.30001883002762,7.35250439367311
38,"Hydrogen bonds",7.34797891036907,7.32110846095908,7.3733366808938
39,"Hydrogen bonds",7.3429575696711,7.31583605322621,7.36881747426563
40,"Hydrogen bonds",7.35350238513683,7.32688300276174,7.37911122269646
41,"Hydrogen bonds",7.33165955310068,7.30754456439869,7.35878106954557
42,"Hydrogen bonds",7.35651518955561,7.32964474014562,7.38388149635953
43,"Hydrogen bonds",7.36203866432337,7.33566407230731,7.38818729600803
44,"Hydrogen bonds",7.36806427316093,7.34169595782074,7.39568792367562
45,"Hydrogen bonds",7.35174491589254,7.32587245794627,7.38111975897565
46,"Hydrogen bonds",7.38036655787095,7.35274290735626,7.40623273914135
47,"Hydrogen bonds",7.32613607833292,7.29951669595782,7.35300025106703
48,"Hydrogen bonds",7.36630680391665,7.34044689932212,7.39317725332664
49,"Hydrogen bonds",7.36831534019583,7.34119382375094,7.39643484810444
50,"Hydrogen bonds",7.38287722821994,7.35551092141602,7.40799020838564
51,"Hydrogen bonds",7.34446397188049,7.31909992467989,7.37007908611599
52,"Hydrogen bonds",7.32990208385639,7.30278684408737,7.35602560883756
53,"Hydrogen bonds",7.35099171478785,7.32285965352749,7.37735375345217
54,"Hydrogen bonds",7.34446397188049,7.31633191062014,7.37183655536028
55,"Hydrogen bonds",7.3575194576952,7.33039166457444,7.3838877730354
56,"Hydrogen bonds",7.36028119507909,7.33541300527241,7.38690057745418
57,"Hydrogen bonds",7.34220436856641,7.31583605322621,7.3693258850113
58,"Hydrogen bonds",7.38011549083605,7.35323876475019,7.40824755209641
59,"Hydrogen bonds",7.35375345217173,7.328395681647,7.38011549083605
60,"Hydrogen bonds",7.37007280944012,7.34521717298519,7.39770273663068
61,"Hydrogen bonds",7.34145116746171,7.31483806176249,7.36732362540798
62,"Hydrogen bonds",7.35124278182275,7.32436605573688,7.37862164197841
63,"Hydrogen bonds",7.34722570926437,7.32186166206377,7.37284710017575
64,"Hydrogen bonds",7.36304293246297,7.33642982676375,7.38991965854883
65,"Hydrogen bonds",7.33592769269395,7.30905724328396,7.36380241024353
66,"Hydrogen bonds",7.37584735124278,7.35023223700728,7.40121139844338
67,"Hydrogen bonds",7.34094903339192,7.31583605322621,7.36931960833543
68,"Hydrogen bonds",7.34622144112478,7.31935726839066,7.37284082349987
69,"Hydrogen bonds",7.36379613356766,7.33617875972885,7.39141978408235
70,"Hydrogen bonds",7.33442129048456,7.30753828772282,7.36104067285965
71,"Hydrogen bonds",7.36781320612604,7.34245543560131,7.39367938739643
72,"Hydrogen bonds",7.35375345217173,7.32613607833292,7.38014059753954
73,"Hydrogen bonds",7.34546824002009,7.31960205874969,7.37209389907105
74,"Hydrogen bonds",7.34220436856641,7.31609339693698,7.3685726839066
75,"Hydrogen bonds",7.36203866432337,7.33440873713282,7.38639216670851
76,"Hydrogen bonds",7.39266884258097,7.36655787095154,7.4185287471755
77,"Hydrogen bonds",7.37685161938237,7.35073437107708,7.40347727843334
78,"Hydrogen bonds",7.36404720060256,7.33917273412001,7.39092392668843
79,"Hydrogen bonds",7.34496610595029,7.31859779061009,7.37108335425559
80,"Hydrogen bonds",7.36982174240522,7.34144489078584,7.39694325885011
81,"Hydrogen bonds",7.36680893798644,7.34141978408235,7.39217926186292
82,"Hydrogen bonds",7.34145116746171,7.31559126286719,7.36982801908109
83,"Hydrogen bonds",7.36203866432337,7.33693196083354,7.38890283705749
84,"Hydrogen bonds",7.358021591765,7.33115114235501,7.38740271152398
85,"Hydrogen bonds",7.36505146874215,7.33969369821742,7.39091137333668
86,"Hydrogen bonds",7.33919156414763,7.31232111473764,7.36429826763746
87,"Hydrogen bonds",7.35927692693949,7.3331596786342,7.38664951041928
88,"Hydrogen bonds",7.33894049711273,7.31257218177253,7.36631308059252
89,"Hydrogen bonds",7.37459201606829,7.34722570926437,7.40170725583731
90,"Hydrogen bonds",7.32739141350741,7.3027805674115,7.35551719809189
91,"Hydrogen bonds",7.34697464222948,7.32085739392418,7.37359402460457
92,"Hydrogen bonds",7.36078332914888,7.33366808937986,7.38715164448908
93,"Hydrogen bonds",7.3429575696711,7.31584232990208,7.37032387647502
94,"Hydrogen bonds",7.37835802159177,7.35123650514687,7.40723073060507
95,"Hydrogen bonds",7.37459201606829,7.34822997740397,7.39995606326889
96,"Hydrogen bonds",7.34245543560131,7.31508912879739,7.3690748179764
97,"Hydrogen bonds",7.36128546321868,7.33517449158925,7.3878985689179
98,"Hydrogen bonds",7.34898317850866,7.32260858649259,7.37685789605825
99,"Hydrogen bonds",7.36028119507909,7.33188551343209,7.38438363042932
100,"Hydrogen bonds",7.36003012804419,7.33341702234497,7.38689430077831
