Position	Mean	Lower	Upper	Cluster
1	7.048951048951049	7.027972027972028	7.080419580419581	C_Top
2	7.2622377622377625	7.171328671328672	7.3411713286713285	C_Top
3	7.143356643356643	7.071416083916084	7.23277972027972	C_Top
4	7.104895104895105	6.994667832167832	7.231118881118881	C_Top
5	7.164335664335664	7.064248251748252	7.258916083916084	C_Top
6	7.318181818181818	7.228933566433566	7.416433566433566	C_Top
7	7.328671328671328	7.23243006993007	7.419755244755244	C_Top
8	7.363636363636363	7.284702797202797	7.47736013986014	C_Top
9	7.559440559440559	7.461363636363636	7.649038461538462	C_Top
10	7.566433566433567	7.484178321678321	7.645367132867133	C_Top
11	7.545454545454546	7.457517482517483	7.645192307692307	C_Top
12	7.72027972027972	7.617045454545455	7.804195804195804	C_Top
13	7.6328671328671325	7.548776223776224	7.7326048951048945	C_Top
14	7.541958041958042	7.449213286713286	7.660839160839161	C_Top
15	7.643356643356643	7.541958041958042	7.746765734265734	C_Top
16	7.559440559440559	7.4453671328671325	7.671678321678321	C_Top
17	7.527972027972028	7.426398601398601	7.624737762237762	C_Top
18	7.531468531468532	7.433391608391608	7.649038461538462	C_Top
19	7.583916083916084	7.487674825174825	7.706468531468531	C_Top
20	7.56993006993007	7.475524475524476	7.654195804195804	C_Top
21	7.5524475524475525	7.4698426573426575	7.68715034965035	C_Top
22	7.5174825174825175	7.415909090909091	7.62770979020979	C_Top
23	7.5	7.401923076923078	7.612587412587413	C_Top
24	7.419580419580419	7.318968531468531	7.529982517482518	C_Top
25	7.496503496503497	7.375786713286713	7.587587412587412	C_Top
26	7.545454545454546	7.427709790209791	7.636363636363637	C_Top
27	7.496503496503497	7.373426573426574	7.590909090909091	C_Top
28	7.520979020979021	7.417744755244755	7.610402097902098	C_Top
29	7.573426573426573	7.473339160839161	7.673164335664336	C_Top
30	7.608391608391608	7.545279720279721	7.692482517482517	C_Top
31	7.496503496503497	7.426573426573427	7.583916083916084	C_Top
32	7.583916083916084	7.480681818181818	7.699300699300699	C_Top
33	7.5174825174825175	7.435227272727273	7.61722027972028	C_Top
34	7.573426573426573	7.477010489510489	7.6685314685314685	C_Top
35	7.472027972027972	7.365297202797203	7.56826923076923	C_Top
36	7.573426573426573	7.487150349650349	7.655856643356643	C_Top
37	7.608391608391608	7.538286713286713	7.703321678321679	C_Top
38	7.5	7.389597902097902	7.585751748251749	C_Top
39	7.520979020979021	7.429895104895104	7.62770979020979	C_Top
40	7.493006993006993	7.401923076923078	7.59493006993007	C_Top
41	7.615384615384615	7.529458041958042	7.69763986013986	C_Top
42	7.493006993006993	7.393269230769231	7.598426573426574	C_Top
43	7.524475524475524	7.426398601398601	7.640034965034966	C_Top
44	7.608391608391608	7.501486013986014	7.708304195804196	C_Top
45	7.545454545454546	7.456206293706294	7.6573426573426575	C_Top
46	7.576923076923077	7.477185314685315	7.703146853146853	C_Top
47	7.468531468531468	7.35979020979021	7.542307692307693	C_Top
48	7.503496503496503	7.405419580419581	7.580594405594406	C_Top
49	7.573426573426573	7.470192307692307	7.657517482517482	C_Top
50	7.538461538461538	7.463199300699301	7.643531468531468	C_Top
51	7.479020979020979	7.398601398601398	7.575961538461538	C_Top
52	7.493006993006993	7.400087412587412	7.596241258741259	C_Top
53	7.493006993006993	7.400087412587412	7.582255244755245	C_Top
54	7.559440559440559	7.440559440559441	7.6521853146853145	C_Top
55	7.503496503496503	7.407255244755245	7.615384615384615	C_Top
56	7.531468531468532	7.427709790209791	7.6120629370629365	C_Top
57	7.601398601398602	7.508653846153846	7.690646853146853	C_Top
58	7.479020979020979	7.370454545454546	7.583916083916084	C_Top
59	7.573426573426573	7.476835664335664	7.659178321678322	C_Top
60	7.468531468531468	7.351136363636364	7.543793706293706	C_Top
61	7.538461538461538	7.457867132867133	7.641870629370629	C_Top
62	7.524475524475524	7.419405594405594	7.62805944055944	C_Top
63	7.643356643356643	7.52229020979021	7.743094405594405	C_Top
64	7.4825174825174825	7.382604895104896	7.555944055944056	C_Top
65	7.503496503496503	7.394930069930069	7.585751748251749	C_Top
66	7.555944055944056	7.440559440559441	7.650524475524476	C_Top
67	7.618881118881119	7.51013986013986	7.7362762237762235	C_Top
68	7.444055944055944	7.329807692307693	7.543968531468531	C_Top
69	7.5	7.403758741258741	7.619580419580419	C_Top
70	7.545454545454546	7.447377622377623	7.631381118881119	C_Top
71	7.562937062937063	7.470192307692307	7.673339160839161	C_Top
72	7.56993006993007	7.480681818181818	7.659178321678322	C_Top
73	7.454545454545454	7.356468531468532	7.561276223776224	C_Top
74	7.594405594405594	7.49763986013986	7.68715034965035	C_Top
75	7.6223776223776225	7.508304195804196	7.718793706293706	C_Top
76	7.615384615384615	7.518444055944055	7.7027972027972025	C_Top
77	7.559440559440559	7.472027972027972	7.655856643356643	C_Top
78	7.594405594405594	7.506818181818182	7.685314685314685	C_Top
79	7.548951048951049	7.417569930069931	7.656381118881119	C_Top
80	7.486013986013986	7.396765734265734	7.582255244755245	C_Top
81	7.601398601398602	7.513986013986014	7.688986013986014	C_Top
82	7.601398601398602	7.492832167832168	7.702972027972028	C_Top
83	7.6328671328671325	7.53479020979021	7.734615384615385	C_Top
84	7.559440559440559	7.447377622377623	7.643356643356643	C_Top
85	7.461538461538462	7.361276223776224	7.575786713286714	C_Top
86	7.538461538461538	7.4312062937062935	7.636713286713286	C_Top
87	7.730769230769231	7.646853146853147	7.813024475524475	C_Top
88	7.555944055944056	7.449213286713286	7.648688811188811	C_Top
89	7.475524475524476	7.394930069930069	7.571765734265734	C_Top
90	7.493006993006993	7.401748251748252	7.578758741258741	C_Top
91	7.548951048951049	7.436888111888113	7.641870629370629	C_Top
92	7.562937062937063	7.466695804195805	7.640734265734266	C_Top
93	7.5	7.403758741258741	7.61756993006993	C_Top
94	7.5174825174825175	7.426223776223775	7.608566433566434	C_Top
95	7.636363636363637	7.5346153846153845	7.701136363636363	C_Top
96	7.545454545454546	7.4490384615384615	7.647027972027972	C_Top
97	7.510489510489511	7.3977272727272725	7.5979020979020975	C_Top
98	7.5874125874125875	7.492832167832168	7.680506993006993	C_Top
99	7.636363636363637	7.545279720279721	7.70812937062937	C_Top
100	7.555944055944056	7.459702797202797	7.654020979020979	C_Top
1	7.0673400673400675	7.045370370370371	7.090909090909091	A_Bottom
2	7.141414141414141	7.060437710437711	7.2324915824915825	A_Bottom
3	7.141414141414141	7.031565656565657	7.227356902356902	A_Bottom
4	7.134680134680135	7.021464646464647	7.218855218855219	A_Bottom
5	7.151515151515151	7.023232323232323	7.242592592592592	A_Bottom
6	7.37037037037037	7.286195286195286	7.506818181818182	A_Bottom
7	7.313131313131313	7.215488215488215	7.4125420875420875	A_Bottom
8	7.474747474747475	7.3820707070707074	7.579124579124579	A_Bottom
9	7.575757575757576	7.476346801346802	7.678535353535353	A_Bottom
10	7.6127946127946124	7.497979797979798	7.727441077441077	A_Bottom
11	7.592592592592593	7.515151515151516	7.69040404040404	A_Bottom
12	7.595959595959596	7.503282828282828	7.685269360269361	A_Bottom
13	7.579124579124579	7.4660774410774415	7.661700336700337	A_Bottom
14	7.68013468013468	7.597558922558923	7.8047138047138045	A_Bottom
15	7.632996632996633	7.518518518518518	7.720707070707071	A_Bottom
16	7.63973063973064	7.546885521885522	7.7458754208754215	A_Bottom
17	7.619528619528619	7.513383838383838	7.709006734006733	A_Bottom
18	7.62962962962963	7.5367845117845125	7.727609427609427	A_Bottom
19	7.555555555555555	7.441077441077441	7.63476430976431	A_Bottom
20	7.673400673400673	7.575084175084175	7.796717171717171	A_Bottom
21	7.622895622895623	7.524747474747475	7.722306397306397	A_Bottom
22	7.606060606060606	7.501683501683502	7.7176767676767675	A_Bottom
23	7.6127946127946124	7.501515151515152	7.720538720538721	A_Bottom
24	7.622895622895623	7.516582491582492	7.732912457912457	A_Bottom
25	7.632996632996633	7.535016835016835	7.759680134680134	A_Bottom
26	7.63973063973064	7.545286195286195	7.717171717171717	A_Bottom
27	7.582491582491582	7.498316498316498	7.678535353535353	A_Bottom
28	7.518518518518518	7.4274410774410775	7.629966329966329	A_Bottom
29	7.62962962962963	7.542087542087542	7.732407407407408	A_Bottom
30	7.595959595959596	7.513383838383838	7.687037037037037	A_Bottom
31	7.646464646464646	7.562289562289562	7.759343434343434	A_Bottom
32	7.63973063973064	7.525252525252525	7.729040404040404	A_Bottom
33	7.62962962962963	7.522811447811448	7.734175084175083	A_Bottom
34	7.616161616161616	7.523316498316499	7.725673400673401	A_Bottom
35	7.62962962962963	7.538552188552188	7.7458754208754215	A_Bottom
36	7.707070707070707	7.597558922558923	7.811616161616161	A_Bottom
37	7.592592592592593	7.493181818181818	7.713973063973064	A_Bottom
38	7.63973063973064	7.521717171717171	7.737542087542087	A_Bottom
39	7.531986531986532	7.442003367003367	7.613973063973063	A_Bottom
40	7.666666666666667	7.528282828282828	7.779713804713804	A_Bottom
41	7.616161616161616	7.5100168350168355	7.720875420875421	A_Bottom
42	7.592592592592593	7.479713804713805	7.689141414141414	A_Bottom
43	7.5286195286195285	7.428872053872054	7.62979797979798	A_Bottom
44	7.632996632996633	7.550420875420874	7.7458754208754215	A_Bottom
45	7.592592592592593	7.477946127946128	7.69040404040404	A_Bottom
46	7.619528619528619	7.504713804713806	7.732744107744107	A_Bottom
47	7.616161616161616	7.521885521885522	7.723905723905724	A_Bottom
48	7.744107744107744	7.642929292929294	7.838383838383838	A_Bottom
49	7.558922558922559	7.479713804713805	7.65496632996633	A_Bottom
50	7.552188552188552	7.454208754208754	7.668602693602693	A_Bottom
51	7.656565656565657	7.573989898989899	7.774747474747475	A_Bottom
52	7.585858585858586	7.454545454545454	7.682239057239057	A_Bottom
53	7.555555555555555	7.4460437710437715	7.658501683501683	A_Bottom
54	7.7272727272727275	7.627861952861952	7.814983164983165	A_Bottom
55	7.723905723905724	7.6446969696969695	7.8284511784511785	A_Bottom
56	7.666666666666667	7.564814814814815	7.757575757575758	A_Bottom
57	7.595959595959596	7.501683501683502	7.677104377104376	A_Bottom
58	7.585858585858586	7.5063131313131315	7.703703703703703	A_Bottom
59	7.484848484848484	7.392171717171717	7.588299663299663	A_Bottom
60	7.619528619528619	7.504882154882155	7.758417508417507	A_Bottom
61	7.6127946127946124	7.493181818181818	7.7021043771043765	A_Bottom
62	7.585858585858586	7.4795454545454545	7.66506734006734	A_Bottom
63	7.643097643097643	7.562289562289562	7.739141414141414	A_Bottom
64	7.6127946127946124	7.504713804713806	7.729377104377104	A_Bottom
65	7.636363636363637	7.550420875420874	7.725673400673401	A_Bottom
66	7.565656565656566	7.462878787878788	7.668434343434344	A_Bottom
67	7.6632996632996635	7.550252525252525	7.811447811447811	A_Bottom
68	7.606060606060606	7.488215488215488	7.713973063973064	A_Bottom
69	7.585858585858586	7.472979797979798	7.720875420875421	A_Bottom
70	7.734006734006734	7.62962962962963	7.852020202020202	A_Bottom
71	7.582491582491582	7.474074074074074	7.6767676767676765	A_Bottom
72	7.619528619528619	7.523484848484848	7.7005050505050505	A_Bottom
73	7.616161616161616	7.506481481481481	7.697138047138047	A_Bottom
74	7.7272727272727275	7.621127946127946	7.811447811447811	A_Bottom
75	7.683501683501683	7.590656565656566	7.788383838383838	A_Bottom
76	7.585858585858586	7.485942760942761	7.683501683501683	A_Bottom
77	7.686868686868687	7.5993265993265995	7.803114478114477	A_Bottom
78	7.646464646464646	7.557154882154881	7.754377104377104	A_Bottom
79	7.572390572390573	7.461279461279461	7.656565656565657	A_Bottom
80	7.5993265993265995	7.474579124579124	7.70547138047138	A_Bottom
81	7.656565656565657	7.560521885521886	7.7407407407407405	A_Bottom
82	7.619528619528619	7.520117845117845	7.708838383838383	A_Bottom
83	7.606060606060606	7.478114478114478	7.712205387205387	A_Bottom
84	7.582491582491582	7.482407407407408	7.683501683501683	A_Bottom
85	7.602693602693603	7.503114478114478	7.70547138047138	A_Bottom
86	7.683501683501683	7.570622895622896	7.808249158249158	A_Bottom
87	7.515151515151516	7.402104377104377	7.606734006734007	A_Bottom
88	7.582491582491582	7.4981481481481485	7.685437710437711	A_Bottom
89	7.653198653198653	7.548316498316498	7.779545454545454	A_Bottom
90	7.555555555555555	7.469612794612795	7.66523569023569	A_Bottom
91	7.666666666666667	7.548653198653199	7.784848484848485	A_Bottom
92	7.622895622895623	7.531818181818181	7.724242424242425	A_Bottom
93	7.68013468013468	7.544781144781145	7.783249158249157	A_Bottom
94	7.552188552188552	7.459175084175085	7.632996632996633	A_Bottom
95	7.67003367003367	7.573989898989899	7.777946127946128	A_Bottom
96	7.632996632996633	7.556818181818182	7.734175084175083	A_Bottom
97	7.595959595959596	7.494949494949495	7.7021043771043765	A_Bottom
98	7.67003367003367	7.569023569023569	7.781144781144781	A_Bottom
99	7.548821548821548	7.429208754208754	7.646464646464646	A_Bottom
100	7.626262626262626	7.526851851851852	7.737710437710437	A_Bottom
1	7.067092651757188	7.038338658146965	7.091134185303515	D_Random
2	7.201277955271565	7.097364217252396	7.297763578274759	D_Random
3	7.137380191693291	7.041214057507988	7.235223642172524	D_Random
4	7.198083067092652	7.084584664536742	7.284664536741214	D_Random
5	7.1309904153354635	7.034984025559106	7.209504792332268	D_Random
6	7.236421725239617	7.159584664536741	7.342172523961661	D_Random
7	7.3514376996805115	7.263498402555911	7.447284345047923	D_Random
8	7.476038338658147	7.384904153354633	7.567332268370608	D_Random
9	7.517571884984026	7.427955271565495	7.620127795527156	D_Random
10	7.5111821086261985	7.416693290734825	7.600798722044728	D_Random
11	7.562300319488818	7.456869009584665	7.645527156549521	D_Random
12	7.5495207667731625	7.448801916932908	7.658306709265176	D_Random
13	7.4504792332268375	7.3247603833865815	7.55758785942492	D_Random
14	7.485623003194888	7.410303514376997	7.586341853035144	D_Random
15	7.552715654952077	7.429632587859425	7.6485623003194885	D_Random
16	7.578274760383387	7.482428115015974	7.674281150159744	D_Random
17	7.4504792332268375	7.364057507987221	7.544808306709266	D_Random
18	7.485623003194888	7.423242811501597	7.597444089456869	D_Random
19	7.594249201277956	7.474361022364217	7.669568690095846	D_Random
20	7.533546325878595	7.455031948881789	7.645367412140575	D_Random
21	7.616613418530352	7.528674121405751	7.690255591054313	D_Random
22	7.514376996805112	7.423242811501597	7.600638977635783	D_Random
23	7.5910543130990416	7.514217252396167	7.706230031948881	D_Random
24	7.613418530351438	7.5007987220447285	7.722044728434505	D_Random
25	7.523961661341853	7.402555910543131	7.64720447284345	D_Random
26	7.482428115015974	7.403913738019169	7.575079872204473	D_Random
27	7.492012779552716	7.394488817891373	7.579952076677316	D_Random
28	7.485623003194888	7.392651757188498	7.58314696485623	D_Random
29	7.552715654952077	7.437380191693291	7.642651757188498	D_Random
30	7.587859424920127	7.479233226837061	7.691773162939297	D_Random
31	7.6293929712460065	7.54464856230032	7.736501597444089	D_Random
32	7.559105431309904	7.46461661341853	7.654952076677317	D_Random
33	7.5303514376996805	7.435862619808306	7.626517571884984	D_Random
34	7.603833865814696	7.4935303514377	7.704552715654952	D_Random
35	7.5303514376996805	7.427795527156549	7.642492012779552	D_Random
36	7.575079872204473	7.463258785942492	7.680511182108626	D_Random
37	7.444089456869009	7.3432108626198085	7.552715654952077	D_Random
38	7.527156549520766	7.421725239616613	7.655111821086262	D_Random
39	7.5814696485623	7.4888178913738015	7.677236421725239	D_Random
40	7.5111821086261985	7.4089456869009584	7.594249201277956	D_Random
41	7.664536741214057	7.597124600638978	7.771645367412141	D_Random
42	7.619808306709265	7.535063897763578	7.725399361022364	D_Random
43	7.63258785942492	7.531869009584664	7.733306709265175	D_Random
44	7.5111821086261985	7.404073482428116	7.594408945686901	D_Random
45	7.616613418530352	7.51741214057508	7.71126198083067	D_Random
46	7.5718849840255595	7.482428115015974	7.653594249201278	D_Random
47	7.575079872204473	7.482268370607029	7.669728434504792	D_Random
48	7.546325878594249	7.458386581469648	7.663178913738019	D_Random
49	7.565495207667731	7.479233226837061	7.642172523961661	D_Random
50	7.434504792332269	7.352955271565495	7.52611821086262	D_Random
51	7.568690095846645	7.475878594249202	7.715654952076678	D_Random
52	7.552715654952077	7.4454472843450485	7.6870607028753994	D_Random
53	7.472843450479234	7.378354632587859	7.563977635782748	D_Random
54	7.610223642172524	7.525479233226837	7.693610223642173	D_Random
55	7.4504792332268375	7.367092651757188	7.541773162939297	D_Random
56	7.552715654952077	7.466453674121405	7.647364217252396	D_Random
57	7.5495207667731625	7.437380191693291	7.656629392971246	D_Random
58	7.479233226837061	7.368769968051119	7.592731629392971	D_Random
59	7.514376996805112	7.437380191693291	7.600798722044728	D_Random
60	7.575079872204473	7.4504792332268375	7.658306709265176	D_Random
61	7.587859424920127	7.493051118210863	7.696485623003195	D_Random
62	7.578274760383387	7.50615015974441	7.674281150159744	D_Random
63	7.507987220447284	7.423242811501597	7.602316293929713	D_Random
64	7.4888178913738015	7.375319488817892	7.605830670926517	D_Random
65	7.559105431309904	7.4615814696485625	7.671086261980831	D_Random
66	7.50479233226837	7.391134185303514	7.597444089456869	D_Random
67	7.5910543130990416	7.477555910543131	7.690415335463259	D_Random
68	7.565495207667731	7.460063897763578	7.65982428115016	D_Random
69	7.597444089456869	7.472364217252396	7.719488817891374	D_Random
70	7.5495207667731625	7.448642172523961	7.644009584664537	D_Random
71	7.50479233226837	7.42947284345048	7.5910543130990416	D_Random
72	7.619808306709265	7.51741214057508	7.683865814696485	D_Random
73	7.479233226837061	7.379712460063898	7.591214057507987	D_Random
74	7.619808306709265	7.515894568690096	7.7305910543130985	D_Random
75	7.638977635782748	7.518929712460064	7.74608626198083	D_Random
76	7.578274760383387	7.476038338658147	7.674281150159744	D_Random
77	7.5303514376996805	7.434345047923323	7.634265175718849	D_Random
78	7.587859424920127	7.51405750798722	7.714137380191694	D_Random
79	7.50479233226837	7.4281150159744405	7.6071884984025555	D_Random
80	7.447284345047923	7.367252396166134	7.552715654952077	D_Random
81	7.616613418530352	7.499600638977636	7.717492012779553	D_Random
82	7.575079872204473	7.463099041533546	7.663178913738019	D_Random
83	7.5303514376996805	7.422763578274761	7.6406549520766776	D_Random
84	7.568690095846645	7.4888178913738015	7.653434504792332	D_Random
85	7.645367412140575	7.536581469648563	7.747603833865814	D_Random
86	7.5495207667731625	7.43905750798722	7.642172523961661	D_Random
87	7.587859424920127	7.504472843450479	7.68370607028754	D_Random
88	7.536741214057508	7.434504792332269	7.626198083067092	D_Random
89	7.610223642172524	7.507987220447284	7.715814696485623	D_Random
90	7.5814696485623	7.477396166134185	7.6678913738019165	D_Random
91	7.424920127795527	7.335463258785943	7.523083067092651	D_Random
92	7.600638977635783	7.490175718849841	7.69496805111821	D_Random
93	7.603833865814696	7.5332268370607025	7.731948881789137	D_Random
94	7.501597444089457	7.402555910543131	7.579952076677316	D_Random
95	7.536741214057508	7.436022364217252	7.626357827476038	D_Random
96	7.5910543130990416	7.499920127795527	7.685543130990415	D_Random
97	7.539936102236422	7.451996805111821	7.655591054313099	D_Random
98	7.476038338658147	7.394329073482428	7.575399361022364	D_Random
99	7.60702875399361	7.514376996805112	7.699840255591054	D_Random
100	7.638977635782748	7.528674121405751	7.738178913738019	D_Random
